Time (s),Acceleration x (m/s^2),Acceleration y (m/s^2),Acceleration z (m/s^2),Absolute acceleration (m/s^2)
0,-4.601580963,1.927242279,10.53808594,11.65933383
0.009809,-4.351451111,1.712438965,11.69862259,12.59862471
0.019619,-3.753444672,1.263073425,11.75565399,12.40480158
0.029428,-1.858385468,0.773142242,12.33614685,12.49927456
0.039237,-3.276536407,0.175884247,13.48395996,13.87745662
0.049047,-3.93965744,-0.073347473,11.72781189,12.37205934
0.058854,-4.017345886,0.151634674,11.86507645,12.52765342
0.068668,-3.881877594,0.579894104,12.0753891,12.69725453
0.078477,-3.256029053,0.718206482,11.75924652,12.22282392
0.088287,-2.348017273,0.413140869,10.56592804,10.83156064
0.098098,-1.854493561,0.238454132,8.916957092,9.110879789
0.107907,-1.904489594,0.02574646,7.682025146,7.914622786
0.117717,-2.092498627,-0.05029541,6.432573395,6.764545854
0.127528,-1.807042236,-0.52301239,5.904621277,6.197055432
0.137336,-1.502575378,-1.358574829,6.11717926,6.443860678
0.147144,-1.527872772,-2.21733902,6.261329498,6.815807701
0.156954,-1.46021347,-3.334316254,6.350843353,7.320047784
0.166762,-1.59478363,-4.174069977,6.659800873,8.019921612
0.17657,-1.879641266,-4.711302795,7.971223755,9.448271454
0.186349,-2.086062012,-4.955445099,8.707841949,10.23399249
0.196187,-2.372117157,-4.816384277,8.993448029,10.47409207
0.205996,-2.957100677,-5.520819397,9.022188263,10.98288543
0.215805,-3.353177032,-6.46475647,9.109007721,11.66237086
0.225613,-3.78637619,-6.82745224,9.69414093,12.44697221
0.235422,-5.499114532,-6.560557251,15.04177048,17.30710927
0.245229,-14.30724792,-8.14725769,37.27219208,40.74667414
0.255037,-10.70858139,0.393082581,19.27541656,22.05379589
0.264847,-6.305038605,2.935395813,11.34131561,13.30396558
0.274655,-5.442232819,3.958817596,16.68834641,17.99419463
0.284465,-5.539380798,2.601739655,21.44829803,22.30433315
0.294273,-4.851710815,1.22505249,22.33849686,22.89210111
0.304082,-2.334395599,2.443219299,21.30639313,21.57269365
0.31389,-0.603993988,3.364403687,20.9285788,21.205882
0.3237,1.444795532,3.117716675,18.64447861,18.95848554
0.333509,3.345842285,7.192393341,22.23745697,23.60994865
0.343318,3.210523682,7.877817993,24.39671677,25.83732315
0.353129,2.372865601,5.853278046,25.04501862,25.82913689
0.362936,0.046104126,6.436465302,31.50229065,32.1531418
0.372748,-2.113305359,7.236551514,35.02266998,35.82486776
0.382558,-2.616558838,7.977061615,32.75937653,33.81799288
0.392367,-3.709885254,7.242988129,32.50176224,33.50505446
0.402178,-1.227148132,3.742966461,33.27879639,33.51110233
0.411988,-0.829125824,4.394262085,32.23606476,32.54475165
0.421798,-1.013692017,3.754941559,32.78617081,33.01605903
0.431607,-0.865200806,1.706750793,33.31547012,33.37037789
0.441418,-1.688638458,-0.28201355,31.96123627,32.00705633
0.451226,-3.188818817,-1.38776413,29.83400986,30.03602169
0.461036,0.059875488,-3.428919525,27.90751602,28.11744165
0.470848,0.468675385,-3.466341705,23.84451508,24.09971121
0.480657,-0.218395844,-4.646936646,19.41971649,19.96915385
0.490464,0.383352814,-5.235812073,15.90921661,16.75302542
0.500277,-0.647703094,-6.01658844,12.49436783,13.88265404
0.510087,-0.519868927,-6.877148895,9.464219055,11.7105458
0.519894,-0.108075256,-7.49087265,6.214925995,9.733969306
0.529702,0.750389557,-8.236472168,3.434458008,8.95533696
0.539514,1.107546844,-8.512947235,0.97701828,8.640109684
0.549325,1.407073975,-8.866661682,-1.092128906,9.043798544
0.559136,0.408500519,-8.728349304,-1.96930481,8.957070709
0.568945,-0.279768219,-8.18243454,-2.108365631,8.454330895
0.578753,-0.263601837,-9.358987885,-1.62876297,9.503315683
0.588561,0.045804749,-10.33166519,-1.43805954,10.43136707
0.59837,0.785267029,-11.63904648,-1.098864899,11.71714775
0.608179,1.286724243,-12.78835648,-1.510957947,12.94143402
0.617988,1.599723358,-13.46165634,-2.364932098,13.76111224
0.627797,1.659898224,-13.37813004,-3.441942444,13.91318055
0.637605,1.631756744,-12.84613632,-4.365671539,13.6654651
0.647414,1.655257874,-12.36773117,-5.340594177,13.5728626
0.657221,1.498084717,-11.62916702,-6.157894592,13.24392122
0.667008,1.409468994,-10.4271666,-6.606062622,12.42386693
0.67684,1.624871063,-9.196276245,-6.863527222,11.58963799
0.68665,2.015558624,-8.591084747,-7.067552948,11.30572945
0.696459,2.240241394,-7.478149109,-6.69752243,10.28582531
0.706268,2.66550705,-6.705156555,-6.465654602,9.68858822
0.716078,3.011737061,-6.400689697,-6.516099701,9.617637134
0.72589,3.190615082,-5.835764465,-6.521787872,9.315035617
0.735698,2.946023712,-4.661456451,-6.005960541,8.15351421
0.745509,2.728975067,-3.791166229,-5.144501953,6.9488234
0.755317,2.644550629,-3.625610504,-4.323908386,6.231764059
0.765127,2.724783783,-3.952380981,-3.570375366,5.982753742
0.774936,2.66430954,-3.841910706,-2.781964874,5.440418344
0.784745,2.658172302,-3.396586761,-2.06525528,4.782045691
0.794555,2.807112579,-3.034190369,-1.57846756,4.424675363
0.804365,2.925067291,-2.961291962,-1.342258759,4.37343427
0.814174,2.752625885,-2.986739044,-1.046922913,4.194473384
0.823983,2.236648865,-2.869383087,-0.671204224,3.699523288
0.833791,1.472787323,-2.609523468,-0.292342072,3.010677518
0.843596,0.601748657,-2.275118866,-0.144898682,2.357808925
0.853408,-0.311053162,-1.778601379,-0.046104126,1.806184522
0.863216,-1.70016449,-0.518222351,0.227077789,1.791836494
0.873024,-3.208577728,1.655557251,0.391585693,3.631691094
0.882832,-5.505850525,4.921016693,0.528251495,7.403367135
0.892641,-7.534581757,8.827443237,0.133073273,11.60652337
0.90245,-9.588161316,12.59450958,-0.319884796,15.83214563
0.912258,-10.644814,16.43312714,-0.515677643,19.58636403
0.922063,-10.79180832,19.46462311,-0.44936554,22.26065158
0.931871,-10.73522598,21.39081757,-0.148790588,23.93395687
0.941679,-10.73492661,22.68876846,1.12565918,25.12540492
0.951487,-10.0740509,23.78523834,2.402503967,25.94216818
0.961295,-10.44228516,25.64497101,2.687511292,27.81957178
0.971073,-10.66367477,25.44513657,3.050057373,27.75737352
0.980912,-10.79644867,25.21057434,3.262315979,27.61845521
0.990719,-10.87353836,26.2342955,4.04384079,28.68492192
1.000527,-9.41212738,23.29231339,5.466931458,25.71006309
1.010334,-8.353678436,22.10662903,6.717131653,24.56841159
1.020138,-6.545289001,20.02176453,7.368127899,22.31593985
1.02995,-4.937482452,17.23935059,7.596702576,19.4752107
1.039757,-3.574716339,15.13068558,7.734715576,17.36496669
1.049565,-2.446961517,13.0070517,7.416327667,15.17145117
1.059373,-1.524130554,10.86590424,6.338868256,12.67170468
1.069182,-1.426084442,9.033714294,4.895719299,10.3735133
1.07899,-1.884880371,7.864795074,3.465293884,8.798638377
1.088778,-2.460283813,7.309449921,2.026036835,7.974075485
1.098608,-2.774181061,6.728957062,0.589025116,7.302184213
1.108419,-2.86324585,6.146069183,-0.894240417,6.839006443
1.118227,-2.928360443,5.739065552,-2.054477692,6.762621302
1.128035,-3.2633638,5.333109741,-2.876418457,6.882251517
1.137844,-4.159400482,6.787036285,-2.903512115,8.473184556
1.147629,-5.058880005,8.004005585,-2.305655365,9.745379365
1.157459,-6.201154633,9.050180054,-1.638792114,11.09259741
1.167266,-7.227719879,11.43921204,-0.833766174,13.55694186
1.177073,-7.658524017,14.38014633,0.295635223,16.29506057
1.186882,-7.233258362,17.71072037,0.963546295,19.15510543
1.19669,-5.473966827,20.33251831,2.563419342,21.21194787
1.206497,-4.011807404,22.4720192,3.255280609,23.05825443
1.216303,-1.202449493,25.25383438,3.688629456,25.55010808
1.22611,2.573149109,26.54205551,3.729793854,26.92606858
1.235918,6.788682861,26.20585464,3.124003601,27.25054919
1.245727,9.533973999,26.04553802,1.602866821,27.78193466
1.255535,10.1378183,27.19739273,-0.452059937,29.02891471
1.265343,9.58411972,28.380233,-2.584824829,30.06616529
1.275151,10.83267334,24.17263275,-1.846560059,26.5532064
1.284957,11.09373047,17.9213324,-2.340682526,21.20669246
1.294765,9.817783813,17.08457245,0.358803864,19.70787241
1.304573,9.472002869,13.47363144,1.311273193,16.52201622
1.314382,9.059011688,9.774074707,4.52703598,14.07452606
1.324186,9.073381805,7.459438019,6.782395935,13.56356766
1.333999,9.5923526,4.027674408,8.499924316,13.4344372
1.343808,5.626349945,3.539838867,6.748117218,9.472241493
1.353617,4.527185669,1.682351532,6.471043396,8.074659088
1.363426,1.68025589,-1.177601166,4.274062042,4.741055864
1.373235,-0.439186707,-3.078198853,2.659519501,4.091605689
1.383043,-2.383643188,-3.379671936,1.575922852,4.425773388
1.392851,-3.23881485,-3.088377686,1.02611618,4.591395515
1.402659,-2.967878265,-3.067870331,0.73362442,4.331089303
1.412468,-2.15177536,-3.369343414,0.682281189,4.055628171
1.422276,-0.9595047,-3.635340271,0.878822479,3.861175612
1.432083,-0.144599304,-3.828588409,0.773591309,3.908636806
1.441891,1.302441559,-4.002676392,2.155966644,4.729266802
1.451697,0.949625244,-3.832779694,2.08980423,4.467579882
1.461508,1.343905334,-3.61318634,2.545905762,4.619830433
1.471315,1.616937561,-3.505260773,2.500999146,4.599601818
1.481124,1.868713989,-3.45526474,2.060315552,4.43574645
1.490931,1.945354614,-3.378923492,1.456321564,4.162018866
1.50074,2.041005707,-3.113974457,1.205892334,3.91365782
1.51055,2.22197937,-2.699486389,1.2859758,3.725339292
1.520358,2.278711395,-2.486030273,1.551224213,3.712030267
1.530169,2.430795135,-2.580483856,1.788480835,3.970683269
1.539978,2.8081604,-2.666105804,2.06166275,4.386836935
1.549786,3.355572052,-2.764750671,2.12019104,4.837243029
1.559596,3.683839417,-2.632425842,2.250270538,5.056090996
1.569404,4.013603668,-2.21733902,2.454296265,5.200882318
1.579213,4.601431274,-1.545086975,2.517464905,5.467914875
1.589022,4.73884552,-1.160985718,2.262095947,5.377882741
1.598831,3.966302032,-0.754281464,1.937121735,4.478050129
1.60864,2.314786377,0.184715881,1.658401337,2.853533059
1.618451,0.189356232,2.491718445,2.949915619,3.866072781
1.628257,-0.758921814,5.880970459,5.771098938,8.274500517
1.638069,-1.602118378,9.207652588,7.299121399,11.85853375
1.647878,-3.587290192,12.54331604,8.901539154,15.79369582
1.657688,-6.338868256,16.60706543,11.21931931,21.02020453
1.667498,-9.583520966,21.43752045,14.97156647,27.84885921
1.677306,-12.62265106,25.82848938,17.46133896,33.63540607
1.687114,-15.25358002,28.81807251,19.31313812,37.89657386
1.696924,-16.33612885,30.9150618,19.63886078,40.10355351
1.706732,-16.00352051,32.55370422,17.75338165,40.38612246
1.716541,-14.16788773,29.22223206,15.23801239,35.87289939
1.726349,-11.59279266,26.23339737,12.54107071,31.30275441
1.736156,-10.72429871,26.52873322,9.633067932,30.19238756
1.745964,-8.847351837,24.46108292,8.672515411,27.41956848
1.755753,-7.686366119,22.55180328,7.392377472,24.94616805
1.765581,-6.734944611,20.81526443,6.848708038,22.92464862
1.77539,-5.71002594,18.32683914,5.625601501,20.00312029
1.785201,-4.729415131,15.76431793,4.299658813,17.01082459
1.79501,-4.090543671,13.16856583,3.154390411,14.14545341
1.80482,-3.405119019,10.40516235,2.271226959,11.18126607
1.814629,-2.589465179,7.691754913,1.648821259,8.281728992
1.82444,-1.711540833,5.329068146,1.051114197,5.695013642
1.83425,-0.76880127,3.393592987,0.300275574,3.492519746
1.844058,-0.080382843,1.882036285,-0.220341797,1.896594972
1.853868,0.774190063,0.718655548,-0.744102631,1.292100916
1.863679,1.543141022,-0.243094482,-1.18298996,1.959552088
1.873488,2.329755249,-1.344204712,-1.479074249,3.069577571
1.883297,2.903512115,-2.646197205,-1.646725616,4.259629973
1.893107,3.235222321,-3.842958527,-1.470691681,5.234302983
1.902916,3.342100067,-4.629123688,-0.846789093,5.771955539
1.912724,3.089724884,-5.013674011,-0.076640625,5.889753877
1.922533,2.751278687,-5.240452423,0.512683868,5.940936017
1.932328,2.408790894,-5.377118225,1.061891785,5.986926435
1.94215,2.236648865,-5.746100922,1.110989685,6.26534692
1.951931,1.970801697,-5.042414246,0.818198547,5.475349269
1.961758,1.44269989,-4.477189636,1.045575714,4.818696773
1.971575,0.52301239,-4.31522644,1.144819336,4.495034205
1.981382,0.393980713,-3.68922821,1.16068634,3.887520852
1.991193,0.053887939,-3.181633759,1.251098328,3.419202291
2.001001,-0.660276947,-2.495011597,1.45557312,2.963062879
2.010808,-1.793869629,-0.818797302,2.980601807,3.573847282
2.020617,-2.454146576,0.857117615,4.816533966,5.473251818
2.030426,-2.676733704,2.674937439,6.376140747,7.414537373
2.040235,-3.269051971,5.544619904,8.24440567,10.45943285
2.050043,-4.000880127,9.139095154,10.50979477,14.49088983
2.059851,-4.988526306,12.76904663,12.32806366,18.4367866
2.069659,-5.962101746,16.44525192,13.85249359,22.31332666
2.079467,-6.54079834,18.2889679,13.91715912,23.89467948
2.089275,-6.456224213,19.1489296,12.45380219,23.73734451
2.099085,-5.95461731,19.78465759,11.02741837,23.41995088
2.108891,-5.890550537,21.84063217,9.717642059,24.61999932
2.118703,-5.651048584,23.72910507,9.231602783,26.08116691
2.128512,-5.590424652,25.46669174,8.898096313,27.54961622
2.138322,-5.538332977,27.08602432,8.971144409,29.0655686
2.148131,-5.40226593,28.17605759,9.327702942,30.16754449
2.157941,-5.324876862,28.28443222,10.02525238,30.47735397
2.16775,-4.630919952,26.33847885,9.931547241,28.527119
2.177558,-4.210893402,25.18976761,9.646988983,27.30055699
2.187368,-3.594924316,23.53795258,8.887318726,25.4154112
2.197177,-2.803370361,21.53856033,7.722441101,23.05221385
2.206983,-1.900747375,19.52165451,6.9912117,20.82270099
2.216793,-1.052461395,17.466129,6.438261566,18.64469225
2.2266,-0.465082855,15.37467819,6.137387238,16.56093457
2.236407,-0.151335297,13.38022568,5.814658356,14.58984556
2.246218,0.085621948,11.56524994,5.304369507,12.72394094
2.256025,0.347427521,9.960437164,4.64993042,10.9978574
2.265833,0.571661224,8.511600037,3.77934082,9.330463481
2.275641,0.599503326,7.353159027,3.280428314,8.074005316
2.285447,0.619860992,6.415658569,2.872376862,7.056589216
2.29526,0.593066711,5.636229401,2.487976227,6.189413194
2.305067,0.596509552,4.982838135,2.1459375,5.457980146
2.314875,0.569116516,4.274960175,1.770218811,4.661850785
2.324683,0.564176788,3.603606262,1.312021637,3.876296469
2.334492,0.484991455,3.104843445,0.99572937,3.296474861
2.3443,0.330363007,2.638263702,1.007255402,2.843261951
2.35411,0.328866119,2.277962952,1.248852997,2.618568682
2.363919,0.317789154,2.092348938,1.433868256,2.556343521
2.373727,0.266894989,2.230062561,1.609752502,2.763279769
2.383536,0.042511597,2.477198639,1.763782196,3.041257629
2.393345,-0.079335022,2.643652496,1.919458466,3.267952473
2.403156,-0.052840118,2.732717285,1.920206909,3.340318909
2.412949,-0.260009308,3.14046936,1.826801147,3.642438068
2.422773,-0.692160645,3.943249969,1.980082397,4.466434034
2.432582,-1.157692566,4.600982208,2.133363647,5.201973646
2.442391,-1.380279694,4.870571594,2.153421936,5.501351263
2.4522,-1.319356384,4.984035645,2.116598511,5.573266711
2.462004,-1.485061798,5.322930908,2.098037109,5.911071114
2.471816,-1.622476044,5.591322784,2.167193298,6.212249656
2.481624,-1.844763794,5.218747559,2.373314667,6.022549464
2.491433,-1.851799164,5.326673126,2.568209381,6.196636681
2.501243,-2.043999481,6.403084717,2.955454102,7.342488455
2.511052,-2.268981628,5.971981201,2.546654205,6.877374844
2.520861,-2.236199799,5.097799072,2.344574432,6.040295869
2.53067,-2.178270264,4.602928162,2.108066254,5.511420174
2.54048,-2.445015564,4.443509674,1.883383484,5.41017677
2.550288,-3.124003601,4.323309631,2.163600769,5.75600321
2.560097,-4.090244293,4.324058075,2.685116272,6.529733992
2.569905,-4.764741669,4.295168152,2.935844879,7.054815219
2.579715,-5.072801056,3.960015106,2.863994293,7.043968591
2.589524,-5.147046661,3.575464783,2.782563629,6.857018164
2.599333,-4.606520691,3.240910492,2.567610626,6.190004687
2.609142,-3.97363678,3.106040955,2.104024658,5.464814675
2.618952,-3.495680695,3.121608582,1.896256714,5.055691167
2.628761,-2.724933472,3.070864105,1.851350098,4.503661395
2.638571,-2.139949951,2.96727951,1.838925934,4.09460402
2.648381,-1.941013641,3.040477295,2.038460999,4.143351226
2.65819,-2.102078705,2.945874023,2.723586273,4.529330064
2.667999,-2.339784393,3.481759644,3.34180069,5.363289389
2.677807,-2.658771057,4.672982483,3.643124084,6.494473182
2.687616,-2.95919632,5.859714661,3.976929932,7.675224456
2.697424,-3.245999908,6.662345581,4.672084351,8.760806825
2.707233,-3.442541199,7.109016724,5.300926666,9.512572323
2.717042,-3.498973846,7.631729736,5.472020874,10.02143349
2.726851,-3.638483734,8.420589294,5.662574615,10.78005748
2.73666,-4.084256744,9.659712524,6.037544861,12.10136964
2.746469,-4.660258942,11.09088638,6.394702148,13.62416932
2.756278,-5.182522888,12.46383133,6.656956787,15.05060492
2.766083,-5.773044891,13.6837944,7.191644897,16.50133428
2.775896,-6.652915192,14.93743744,7.777376862,18.10734405
2.785704,-7.274123383,15.70998093,8.455915833,19.2670414
2.795515,-7.642657013,16.38792114,8.876541138,20.14366273
2.805324,-7.712411957,16.84686676,9.216484222,20.69400394
2.815134,-7.429949341,16.92665085,9.27755722,20.68305403
2.824943,-7.016060028,17.07873459,9.076525269,20.57405124
2.834753,-6.435716858,16.84851334,9.075926514,20.19067347
2.844563,-5.611830139,16.15650238,8.758287048,19.21543126
2.854372,-4.801415405,15.28112274,8.482560425,18.12512437
2.864182,-4.051025848,14.13166306,8.241561584,16.85342839
2.873993,-3.467090149,12.86709274,8.142916718,15.61697418
2.883802,-2.893782349,11.63515457,8.131240997,14.4868174
2.893601,-2.419119415,10.40486298,8.089477844,13.39973746
2.90342,-2.072889404,9.373956757,8.04906189,12.52818155
2.913229,-1.876946869,8.588989105,8.019872589,11.90008486
2.923038,-1.752854919,8.035889282,7.790250092,11.3285486
2.932847,-1.65211441,7.531138916,7.418273621,10.69945414
2.942655,-1.512155457,7.064259796,6.845115509,9.952185033
2.952465,-1.452579346,6.619983673,6.128106537,9.137169163
2.962274,-1.441801758,6.264472961,5.345982971,8.360738467
2.972083,-1.428180084,5.948330383,4.609215088,7.659451444
2.98189,-1.47548172,5.528154144,3.985462189,6.972907816
2.991699,-1.645827484,5.41394165,3.628753967,6.722154986
3.001507,-1.953886871,5.690716095,3.360661469,6.891731937
3.011316,-2.115251312,5.740562439,2.887944489,6.76524712
3.021124,-1.955683136,5.379213867,2.412233734,6.211240612
3.030933,-1.657952271,5.116360474,2.03831131,5.751579194
3.040742,-1.71648056,5.328918457,1.781894531,5.875272381
3.050551,-2.092798004,5.764662323,1.81243103,6.395001284
3.06036,-2.168839874,5.909261627,1.835034027,6.556720923
3.070167,-1.974543915,5.68308197,1.558259583,6.214854566
3.079979,-1.576521606,5.175936584,1.099613342,5.52131229
3.089791,-1.262025604,4.452640686,0.420176239,4.647070666
3.099601,-0.966240692,3.537593536,-0.210013275,3.673185903
3.10941,-0.903670807,2.708467712,-0.702788544,2.940464251
3.119219,-1.113684082,2.091450806,-0.903521118,2.535904004
3.129027,-1.502725067,1.691183167,-0.826730804,2.408685731
3.138838,-2.1061203,1.482068024,-0.587228851,2.641421222
3.148646,-2.870430908,1.255439301,-0.139509888,3.136074687
3.158455,-3.575464783,1.170266418,0.193996582,3.767108517
3.168264,-4.405638428,1.466799774,0.550704803,4.675941329
3.178072,-5.249583435,2.139949951,1.108444977,5.776345064
3.18788,-5.791007538,2.801125031,1.564247131,6.620342803
3.197686,-6.015839996,3.200344849,1.774260406,7.0413449
3.207498,-6.140530701,3.456611938,2.11195816,7.356266081
3.217306,-6.059549103,3.965104523,2.599344635,7.693944485
3.227114,-6.084547119,5.194647675,3.15693512,8.600716101
3.236922,-6.126759338,6.721472626,3.880979462,9.888244325
3.24673,-6.286776581,7.941286011,4.612657928,11.1294293
3.256539,-6.384523315,8.494086456,5.184019775,11.82310043
3.266347,-6.080505524,8.476273499,5.344785461,11.72119838
3.276153,-5.775290222,8.34035614,5.201233978,11.40036634
3.285961,-5.408702545,8.54048996,4.917124786,11.24153673
3.29577,-4.742887115,8.974138184,4.565505981,11.12986879
3.305578,-4.251159668,9.445957031,4.018693085,11.11073161
3.315386,-3.787424011,9.837542725,3.457809448,11.0940648
3.325193,-3.363655243,10.13063324,3.146007843,11.12839934
3.335002,-3.113974457,10.37148239,3.272195435,11.31245981
3.344811,-3.073558502,10.77953384,3.686234436,11.79972186
3.354619,-3.177442474,11.40927429,4.319866791,12.60670177
3.36443,-3.397634583,12.12688202,5.137466583,13.6014246
3.374235,-3.744163971,12.87532562,6.004763031,14.69183286
3.384048,-4.263284454,13.7528009,7.061864777,16.0369904
3.393858,-4.515210571,14.27686111,8.106242981,17.02724479
3.403667,-4.548890533,14.80346603,9.0482341,17.9361521
3.413475,-4.480183411,15.34189636,9.792037354,18.74379425
3.423284,-4.208348694,15.85577774,10.07719437,19.25268118
3.433093,-3.706741791,15.7009996,10.25143204,19.11421414
3.442902,-3.167712708,14.99027756,10.20607635,18.40942203
3.452712,-2.729873199,13.95772476,10.15398468,17.47494472
3.462519,-2.465073853,12.86035675,10.15308655,16.56956642
3.472329,-2.343975677,11.84127594,9.967023468,15.65412389
3.482137,-2.378404083,10.8172554,9.54789505,14.6229997
3.491945,-2.439926147,9.878108368,8.988957367,13.57687811
3.501751,-2.430046692,9.134005737,8.334967346,12.60185972
3.511563,-2.407144318,8.540340271,7.577392731,11.66827478
3.521373,-2.435585175,8.062683563,6.760990448,10.80045986
3.531181,-2.455044708,7.617359619,5.978417816,9.989639216
3.540988,-2.390828247,7.130571899,5.233267365,9.162325176
3.550798,-2.337988129,6.687193909,4.561913452,8.425900854
3.560606,-2.300266571,6.372398529,3.925437012,7.829926248
3.570414,-2.213447113,6.112089844,3.324586487,7.301360537
3.580221,-2.085463257,5.799839172,2.707719269,6.731941403
3.59003,-1.989961853,5.341941376,2.236199799,6.123469227
3.599837,-1.880539398,4.871769104,1.782493286,5.517956592
3.609645,-1.769769745,4.397555237,1.398691406,4.94235922
3.619453,-1.592987366,3.869154053,1.115330658,4.330349213
3.629261,-1.507515106,3.437601471,1.015937347,3.888680285
3.639068,-1.453627167,3.211421814,1.163829803,3.712244849
3.648878,-1.48595993,3.105292511,1.396595764,3.715023314
3.658687,-1.613345032,3.089275818,1.747765503,3.898870545
3.668496,-1.778751068,3.126248932,2.226769409,4.230353383
3.678301,-1.75749527,3.077899475,2.601739655,4.396737885
3.688115,-1.823957062,3.000809784,2.93809021,4.578651854
3.697923,-2.090402985,3.14286438,3.36979248,5.059929101
3.707731,-2.256258087,3.613336029,3.888912964,5.768062227
3.717539,-2.45489502,3.944746857,4.321812744,6.345518317
3.72735,-2.978805542,3.258274384,4.812043304,6.530344185
3.737158,-3.31021637,3.33940567,5.02789444,6.883958537
3.746967,-3.655099182,3.679498444,5.313949585,7.425396893
3.756778,-4.044140167,3.944746857,5.784720612,8.085733734
3.766587,-4.335284729,4.211043091,6.182892609,8.646140099
3.776396,-4.903503113,4.557273102,6.442303162,9.290659338
3.786205,-5.766907654,4.960684204,6.658753052,10.10962926
3.796015,-6.776558075,5.480104065,7.116950226,11.25185587
3.805823,-7.847431183,6.061345367,7.67454071,12.53876625
3.815632,-8.475674744,6.838229828,7.699089661,13.33695734
3.82544,-8.785530396,7.626340942,7.404053192,13.79009152
3.835249,-9.001082153,8.640482025,7.334747314,14.47328324
3.845058,-9.007818146,9.659562836,7.257058868,15.07026361
3.854867,-8.972790985,10.77175003,6.964118042,15.65377005
3.864675,-8.631800079,10.42462189,7.082671509,15.27563255
3.874483,-8.245154114,10.82533859,6.618935852,15.13211267
3.884292,-7.608527985,10.7695047,6.162235565,14.55489872
3.894099,-6.699019318,10.23391846,5.791755981,13.53345426
3.903906,-5.617817688,10.00279907,5.681585083,12.80219801
3.913713,-4.717140656,8.755592651,5.447621613,11.33968253
3.923522,-3.830983429,7.61960495,5.13896347,9.957095921
3.93333,-2.824326782,6.782246246,5.198240204,8.99985484
3.943138,-1.874402161,6.224655762,5.550757141,8.548135917
3.952946,-1.013093262,5.731431427,6.051615601,8.396291773
3.962753,-0.195044403,5.034031677,6.584507446,8.290672805
3.972561,0.54995636,4.04264328,6.915469208,8.029267155
3.982346,1.429527283,3.018023987,7.443870392,8.158628773
3.992178,2.246977386,1.933379517,8.174051971,8.694940446
4.001987,2.895877991,0.762664032,8.872499542,9.364241234
4.011796,3.432661743,-0.489332428,9.520352325,10.13211337
4.021603,4.187092896,-1.813927917,10.23840912,11.20924184
4.031413,4.973856812,-3.217109985,10.93865295,12.43958105
4.041219,5.699996796,-4.760849762,11.65850601,13.82303933
4.051027,6.203399963,-6.409072266,12.48089584,15.34050649
4.060835,6.370452576,-8.200846252,13.53754852,17.06170464
4.070643,6.54543869,-10.49602341,14.64898727,19.17295239
4.080438125,6.846013641,-12.5491539,15.92463455,21.39960635
4.090246125,7.354206848,-14.11669418,17.405056,23.58604222
4.100054125,7.849826202,-14.79134125,18.74102783,25.13224366
4.109861125,8.352780304,-14.117742,19.3412796,25.36069153
4.119670125,8.714727631,-14.50633392,20.41709244,26.51863242
4.129478125,8.954528961,-15.00853958,22.31918701,28.34759175
4.139287125,9.970615997,-14.91064316,22.98305649,29.1540966
4.149096125,11.34520752,-15.28666122,22.4467218,29.43214339
4.158900125,12.49287094,-15.84859268,21.25909149,29.31209111
4.168711125,13.75190277,-16.04273895,20.52142548,29.45527468
4.178518125,16.48282379,-17.20043152,19.96069153,31.08001819
4.188325125,20.86076981,-20.36410263,17.6491983,34.07877042
4.198133125,26.39057053,-23.84226974,13.79037277,38.14564746
4.207942125,31.72802124,-27.21819946,8.769513702,42.71302008
4.217751125,34.91938477,-29.91469208,5.982758789,46.36858459
4.227559125,35.69881393,-31.96931946,9.552086334,48.86394434
4.237368125,38.32540192,-32.03099121,8.267607422,50.62780029
4.247178125,36.27601364,-27.16745499,2.715503082,45.40257408
4.256988125,31.45409088,-19.94497421,-1.509910126,37.27521506
4.266797125,28.30943024,-15.04491394,-7.289840698,32.87727259
4.276606125,27.49078262,-13.21766373,-15.5577475,34.24168908
4.286415125,27.59152313,-13.32828369,-23.92504761,38.87599771
4.296224125,26.31063675,-13.61897919,-33.10845062,44.42854604
4.306034125,23.7340448,-13.22155563,-35.47173615,44.68062758
4.315843125,20.90522736,-12.31249603,-33.1777565,41.10218505
4.325651125,16.85405182,-10.80303497,-30.36330917,36.36887641
4.335451125,13.53934479,-10.30442184,-27.46353928,32.30698
4.345269125,10.88431595,-10.51982391,-25.38451263,29.55517739
4.355076125,9.389075317,-11.13908615,-24.46362762,28.47284763
4.364884125,8.306526489,-11.75400742,-24.36917404,28.30215038
4.374692125,7.82782196,-12.40560242,-24.87616974,28.87901641
4.384500125,7.382947083,-13.04567139,-25.33346878,29.43606784
4.394307125,6.468348999,-13.40282867,-25.55665466,29.57394043
4.404115125,5.502407684,-13.67900436,-25.56997696,29.51635771
4.413922125,4.957391052,-14.08705582,-25.40292435,29.46743004
4.423730125,4.842579803,-14.58836334,-25.08513519,29.41997505
4.433541125,4.818330231,-14.98009872,-24.61047226,29.21121375
4.443348125,4.756209412,-15.01587433,-23.896008,28.62022376
4.453158125,4.820575562,-14.85600677,-22.83082306,27.66198416
4.462965125,5.118905182,-14.61351105,-21.38018967,26.39830308
4.472761125,5.72634201,-14.46531921,-19.52509735,24.9652935
4.482588125,6.366860046,-14.28090271,-17.52196289,23.48404294
4.492397125,6.914571075,-14.02688095,-15.22918076,21.82871111
4.502206125,7.616910553,-13.70490051,-12.86694305,20.28299406
4.512014125,8.312364349,-13.02681061,-10.32597702,18.58545122
4.521825125,9.088650055,-11.87061493,-7.878865814,16.89945517
4.531633125,9.918224945,-10.96365097,-5.64565979,15.82549535
4.541441125,10.40336609,-10.17344421,-3.723057861,15.01965888
4.551249125,10.63628174,-9.068741455,-2.04175415,14.12590956
4.561059125,10.48374893,-7.77408371,-1.042881317,13.09324141
4.570866125,9.837243347,-6.358477478,-0.543370056,11.72590481
4.580673125,8.987759857,-4.716990967,0.037721558,10.15043122
4.590482125,7.890541534,-2.596201172,0.44936554,8.318824173
4.600289125,7.135811005,-1.252146149,1.379082184,7.374926192
4.610099125,6.3488974,0.130827942,2.078278198,6.681680508
4.619909125,6.194867706,1.221160583,2.709665222,6.870946418
4.629718125,6.167923737,2.467468872,2.982697449,7.282044351
4.639528125,6.737788696,3.600612488,2.98135025,8.200649738
4.649337125,7.685318298,4.474944305,2.317780151,9.190285562
4.659146125,8.890911255,5.161716156,1.362766113,10.37057125
4.668956125,9.049581299,7.008575592,-0.79215271,11.47355914
4.678765125,9.479936371,8.866212616,-1.404229889,13.05568004
4.688571125,8.951235809,10.36085449,-3.277584229,14.07886667
4.698384125,9.08924881,10.82848206,-4.34681076,14.79071436
4.708192125,8.932524719,11.27844635,-5.665269012,15.46249084
4.717999125,8.877738647,10.48898804,-6.483168182,15.19422862
4.727808125,7.215295715,12.53882538,-7.943231964,16.50386525
4.737616125,7.128027191,11.05002136,-8.170309753,15.48114031
4.747424125,6.12301712,11.058853,-9.208251343,15.63910039
4.757234125,4.961282959,11.13893646,-9.522747345,15.47168223
4.767043125,3.284020844,11.33996841,-9.939331055,15.43275667
4.776852125,1.865720215,11.19387222,-10.14275803,15.2203557
4.786663125,0.654289398,10.80812439,-10.2758313,14.92770432
4.796472125,-0.019609222,9.958042145,-10.20532791,14.25874138
4.806281125,-0.360899506,9.060059509,-10.31445099,13.73327441
4.816073125,-0.547860718,8.110733643,-10.50485504,13.2829263
4.825898125,-0.556542664,7.215595093,-10.73492661,12.94655172
4.835708125,-0.426762543,6.639143829,-11.19327347,13.02112622
4.845516125,-0.176782379,6.113586731,-11.73843979,13.23624431
4.855325125,-0.114511871,5.603447571,-12.25950623,13.47988244
4.865133125,-0.097447357,5.260061646,-12.62265106,13.67512575
4.874943125,-0.036074982,5.143603821,-12.93115952,13.91663925
4.884752125,-0.055684204,5.274880829,-13.08414139,14.10752368
4.894561125,-0.055235138,5.429060211,-12.94642776,14.03879402
4.904370125,0.078885956,5.617069244,-12.48987717,13.69506194
4.914179125,0.485739899,5.701343994,-11.79831528,13.11264695
4.923989125,1.137634277,5.681285706,-11.22485779,12.63204858
4.933799125,1.756148071,5.522016907,-10.55619827,12.04201182
4.943609125,2.287393341,5.494923248,-9.868827667,11.52476071
4.953419125,2.56835907,5.528453522,-9.154064026,10.99805232
4.963231125,2.630629578,5.740263062,-8.430319061,10.53285866
4.973040125,2.748883667,6.047274628,-7.752079468,10.20885047
4.982849125,2.928510132,6.007756805,-7.169191589,9.801358144
4.992656125,3.09601181,5.819598083,-6.705605621,9.403092988
5.002471125,3.269800415,5.562283173,-6.349645844,9.052546116
5.012280125,3.585643616,5.175786896,-5.956563263,8.667540368
5.022090125,3.952979736,4.713398438,-5.749394073,8.420077544
5.031900125,4.102668457,4.283043365,-5.667364655,8.20337559
5.041710125,4.078269196,3.873495026,-5.540578308,7.895204325
5.051521125,4.083208923,3.520978088,-5.504653015,7.705263566
5.061330125,4.017794952,3.182831268,-5.576204224,7.574110159
5.071141125,3.83083374,2.737507324,-5.76615921,7.444314981
5.080951125,3.548221436,2.186802521,-6.06808136,7.361629712
5.090760125,3.318598938,1.519340515,-6.320007477,7.298218209
5.100571125,3.133733368,0.867595825,-6.620881805,7.376251298
5.110383125,3.007545776,0.160466309,-6.967710571,7.590788605
5.120192125,3.035687256,-0.735869751,-7.434440002,8.063981619
5.130002125,3.175047455,-1.635199585,-8.015681305,8.775303459
5.139812125,3.359613647,-2.556084595,-8.641679535,9.617650311
5.149621125,3.224594421,-3.224594421,-9.260193329,10.32217026
5.159429125,2.891986084,-3.713477783,-9.717192993,10.7970987
5.169234125,2.528392181,-4.001179504,-10.10099487,11.15492276
5.179047125,2.159409485,-4.141886902,-10.52820648,11.51787342
5.188855125,1.884580994,-4.276457062,-10.94718521,11.90296579
5.198665125,1.687890015,-4.512665863,-11.28757736,12.27283702
5.208474125,1.595382385,-4.796775055,-11.59638519,12.65031404
5.218282125,1.596729584,-4.995411987,-11.94186676,13.04269405
5.228091125,1.769919434,-5.10154129,-12.24738144,13.38494268
5.237900125,1.879042511,-5.142556,-12.44287491,13.59418328
5.247708125,2.001338196,-5.210814056,-12.63043488,13.80890375
5.257495125,1.958078156,-5.256618805,-12.85062698,14.0215807
5.267326125,1.897154846,-5.240302734,-13.11138474,14.24669712
5.277135125,2.001487885,-5.166057129,-13.41435471,14.51340801
5.286945125,2.040856018,-5.037474518,-13.5776651,14.62512333
5.296724125,2.235750732,-4.761598206,-13.63424744,14.61383256
5.306563125,2.57539444,-4.441563721,-13.72436005,14.65326597
5.316373125,3.002606049,-4.118535461,-13.80668884,14.71742621
5.326182125,3.567082214,-3.768413544,-13.77031448,14.71552164
5.335991125,4.132606201,-3.325484619,-13.66807709,14.66129644
5.345799125,4.641996918,-2.868035889,-13.54667953,14.60432442
5.355607125,5.083279266,-2.323168945,-13.28008392,14.40824316
5.365416125,5.34613266,-1.55391861,-12.83431091,13.98982967
5.375224125,5.39882309,-1.061742096,-12.42027191,13.58446692
5.385033125,5.354964294,-0.708776093,-12.0170105,13.17522476
5.394840125,5.135670319,-0.415236511,-11.50148254,12.60284221
5.404648125,4.751119995,0.036673737,-10.88716003,11.87875161
5.414456125,4.347858582,0.597108307,-10.24589355,11.14624364
5.424267125,3.886218567,0.972826996,-9.60178299,10.40400518
5.434075125,3.477418671,1.137783966,-8.959319,9.677623154
5.443883125,2.955005035,1.424587555,-8.248896332,8.877262819
5.453692125,2.46776825,1.82769928,-7.569608917,8.168803092
5.463500125,1.987267456,2.089055786,-6.89645874,7.4749267
5.473306125,1.504521332,2.135758667,-6.326743469,6.844905583
5.483117125,1.090931396,2.199226685,-5.890700226,6.381777062
5.492926125,0.582887878,2.359243927,-5.643713837,6.14469658
5.502736125,0.246537323,2.544109497,-5.49118103,6.056925201
5.512545125,0.103883972,2.724484406,-5.434149628,6.079768855
5.522355125,0.103285217,3.0165271,-5.581143951,6.345019416
5.532162125,-0.066012726,3.465593262,-5.870492249,6.817431597
5.541969125,0.099992065,3.751049652,-6.206992493,7.25307712
5.551778125,0.648900604,3.767365723,-6.748266907,7.755850871
5.561586125,1.308728485,3.761078796,-7.508835297,8.499475953
5.571395125,1.942809906,3.707490234,-8.311765594,9.306204461
5.581203125,2.530188446,3.717220001,-9.211095428,10.2500662
5.591011125,2.883304138,3.806584167,-10.25996429,11.31681904
5.600816125,3.068169708,4.018992462,-11.39340729,12.46497876
5.610628125,3.139870605,4.448449402,-12.46008911,13.59784211
5.620436125,3.171155548,5.037474518,-13.39998459,14.66260427
5.630244125,3.36634964,5.661975861,-13.69996078,15.20128962
5.640052125,3.173400879,6.544540558,-14.77786926,16.47078942
5.649861125,3.47981369,7.12937439,-15.33725601,17.26755641
5.659669125,3.954776001,8.120613098,-15.75728256,18.16250434
5.669477125,4.050427094,9.285041656,-16.68280792,19.51753156
5.679285125,4.120930481,10.10518616,-17.44711853,20.57908648
5.689095125,4.363575897,10.3050206,-17.90546539,21.1149221
5.698905125,4.945715332,10.14994308,-17.93300812,21.19137147
5.708714125,5.500162354,10.34453842,-17.43214966,21.00335932
5.718523125,6.115832062,10.97457825,-17.20297623,21.30228064
5.728333125,6.841672668,10.91230774,-15.70309525,20.3094595
5.738142125,6.674769745,11.16752701,-14.75511658,19.671799
5.747952125,7.927215271,12.19334381,-13.6387381,19.93824346
5.757760125,8.780590668,11.79816559,-12.51143234,19.30884313
5.767568125,9.774074707,9.069639587,-11.10241241,17.35092101
5.777375125,11.55222702,4.088897095,-8.620274048,14.9827285
5.787189125,13.3878598,-1.783391418,-5.856870575,14.72135211
5.796995125,15.67959412,-6.422993317,-2.616708527,17.14501905
5.806804125,16.95688797,-10.06432114,1.517394562,19.77698399
5.816614125,15.1462532,-13.52407654,7.658524017,21.70167326
5.826422125,12.32462082,-13.82884277,12.4469165,22.31723328
5.836232125,10.11072464,-11.07756409,17.49651581,23.04489627
5.846042125,9.77602066,-10.25756927,20.21156982,24.6839191
5.855851125,9.767638092,-12.69285507,18.09676758,24.1662641
5.865660125,9.460327148,-15.33995041,14.23809174,22.96813281
5.875468125,8.844358063,-14.73116638,11.41795624,20.63006682
5.885278125,8.165070648,-12.82503021,8.349038086,17.34520728
5.895086125,8.350085907,-11.90354645,5.097350006,15.40783339
5.904879125,8.561296692,-11.7210759,2.735112305,14.77024917
5.914705125,8.283324738,-11.22351059,1.099763031,13.9925029
5.924516125,7.883206787,-10.46488815,0.064515839,13.10202258
5.934324125,7.147935791,-10.35486694,-0.898731079,12.61443511
5.944134125,6.256389771,-10.66771637,-2.023941193,12.5315172
5.953943125,5.145100708,-10.63837738,-2.840343475,12.15379306
5.963752125,3.88696701,-10.29109955,-3.083437958,11.42465895
5.973561125,2.384241943,-10.01986359,-3.091072083,10.75346468
5.983373125,0.574954376,-9.5432547,-3.020269318,10.02628094
5.993181125,-1.55855896,-8.785380707,-2.791694641,9.349095099
6.002991125,-4.117337952,-7.585775299,-2.461032257,8.975140025
6.012798125,-6.613247681,-5.795947266,-2.946023712,9.27400158
6.022607125,-8.480614471,-4.203259277,-3.81796051,10.20612722
6.032415125,-10.51054321,-3.75718689,-3.936813354,11.83581308
6.042224125,-12.97531769,-4.440815277,-4.415817261,14.40760742
6.052032125,-13.97089737,-5.076543274,-5.060975647,15.70257111
6.061841125,-14.66665054,-4.582570496,-6.083050232,16.52616382
6.071648125,-16.53012543,-4.050127716,-6.217321014,18.11915179
6.081455125,-17.30356705,-3.949985962,-7.605983276,19.30975927
6.091267125,-17.52016663,-2.533481598,-9.83454895,20.25075605
6.101076125,-19.33379517,-1.339564362,-10.55155792,22.06638717
6.110884125,-21.34860535,-1.088985443,-10.8159082,23.95689274
6.120693125,-22.25541962,-0.011526031,-10.1604213,24.4650362
6.130504125,-22.23461288,-0.1088237,-9.305549011,24.10359092
6.140313125,-20.9935437,-1.643432465,-8.981173553,22.89303881
6.150123125,-18.98337387,-3.480262756,-8.750503235,21.19084753
6.159932125,-18.25873077,-5.232069855,-8.762029266,20.91719296
6.169741125,-18.75644577,-6.461313629,-9.468110962,21.98176419
6.179549125,-19.63107697,-5.592370605,-8.817863159,22.23529857
6.189358125,-19.34247711,-3.123404846,-7.260651398,20.89507448
6.199168125,-15.95517105,-1.350042572,-5.92647583,17.07375805
6.208956125,-11.00227066,-0.903970184,-5.490282898,12.32924686
6.218785125,-7.02399353,-0.105680237,-5.714516602,9.055570298
6.228593125,-4.65457077,1.055155792,-5.493276672,7.2769823
6.238402125,-2.708467712,1.840871887,-5.320535889,6.247616249
6.248210125,-1.274449768,2.557431793,-5.138813782,5.879803285
6.258018125,-0.973425751,3.007994843,-4.887187042,5.820669021
6.267827125,-1.222807159,2.518213348,-3.967050476,4.855321338
6.277636125,-1.071471863,2.035317535,-3.184627533,3.928412141
6.287443125,-1.149908752,1.598226471,-2.672243042,3.319262097
6.297252125,-0.7020401,1.881138153,-1.911375275,2.772164586
6.307060125,-0.176483002,3.307671661,-1.781744843,3.761177044
6.316869125,0.265547791,4.978796539,-2.207309875,5.452627577
6.326679125,1.170565796,5.90896225,-2.699037323,6.600822799
6.336489125,2.840792542,5.507946167,-3.351380768,7.045518171
6.346300125,4.340074768,4.552632751,-4.612358551,7.799779828
6.356110125,5.214855652,3.611539764,-5.767057343,8.57303268
6.365920125,6.391858063,3.009192352,-6.454278259,9.569158581
6.375730125,6.721472626,2.8479776,-6.05520813,9.484446013
6.385524125,6.776258698,2.812052307,-6.178701324,9.59175011
6.395350125,8.040679321,3.048859863,-6.949448547,11.05635137
6.405160125,9.060508575,3.710184631,-7.430847473,12.29128878
6.414968125,9.672436066,3.739074554,-7.667655029,12.89688457
6.424776125,9.791887665,3.198698273,-6.634802856,12.25289124
6.434587125,10.92982132,1.571731567,-7.442074127,13.31599795
6.444395125,12.75916718,-0.729433136,-9.558972015,15.95939741
6.454203125,14.5132196,-1.697619781,-9.72812027,17.55425248
6.464010125,15.52840851,-2.254611511,-8.945996704,18.06227009
6.473820125,16.3034967,-3.524720306,-8.35442688,18.65540422
6.483628125,17.93510376,-5.764063568,-7.923473053,20.43706928
6.493437125,18.20589066,-6.519093475,-7.785160675,20.84614499
6.503246125,17.34952148,-5.782026215,-8.945847015,20.35843564
6.513029125,17.00433929,-5.206173706,-9.970466309,20.38779041
6.522866125,16.40932663,-5.531596985,-10.73582474,20.37455517
6.532676125,15.61522797,-6.256090393,-11.9824324,20.65315225
6.542486125,14.87846008,-6.956932983,-11.92614944,20.29779622
6.552297125,14.12238235,-7.633226624,-11.10046646,19.51738168
6.562102125,13.60251343,-8.656199341,-9.915829926,18.92833436
6.571916125,13.26212128,-8.857680359,-9.719737701,18.67660738
6.581724125,12.80482224,-7.846383362,-10.21221359,18.16090611
6.591532125,11.83004929,-6.293961639,-10.7907605,17.20478222
6.601342125,10.83910995,-5.068909149,-11.80954193,16.8120619
6.611152125,9.679172058,-3.786974945,-12.95585815,16.60969029
6.620962125,8.424780579,-3.115770721,-13.6095488,16.30658681
6.630772125,7.74953476,-3.857927399,-12.81155823,15.46204763
6.640582125,7.169640656,-5.132826233,-11.38292908,14.39863628
6.650391125,5.960305481,-6.883735199,-8.696166229,12.5910428
6.660200125,4.128564606,-9.211245117,-5.190306702,11.35039056
6.670010125,3.006198578,-10.94029953,-2.033221893,11.52655087
6.679818125,2.667902069,-11.21961868,-1.045276337,11.57973003
6.689597125,5.014272766,-10.37193146,-1.267264709,11.58990308
6.699435125,6.629264374,-8.335266724,-1.541494446,10.76104189
6.709245125,6.916517029,-6.465654602,-2.001487885,9.677233644
6.719053125,6.606960754,-5.452411652,-2.359543304,8.885278152
6.728864125,6.645730133,-4.410129089,-2.05118454,8.235431112
6.738671125,6.951394501,-3.415746918,-1.381327515,7.86748233
6.748480125,7.429649963,-2.867586823,-0.744551697,7.998569247
6.758289125,8.085585938,-2.519410858,-0.203127594,8.471445676
6.768098125,8.605155487,-2.446063385,-0.181273041,8.947892878
6.777908125,8.92893219,-2.624791718,-0.652642822,9.329592931
6.787717125,9.007967834,-2.91114624,-1.363963623,9.564447381
6.797524125,8.848998413,-3.133134613,-1.638941803,9.529293555
6.807333125,8.660690002,-3.356769562,-1.361119537,9.387656769
6.817141125,8.604107666,-3.543281708,-0.906664581,9.349200749
6.826949125,8.536747742,-3.579356689,-0.432001648,9.266848533
6.836755125,8.312514038,-3.394491119,-0.060324554,8.979092306
6.846563125,8.056396637,-3.195704498,0.17902771,8.668916018
6.856370125,7.87003418,-2.832859039,0.381556549,8.373058803
6.866176125,7.532037048,-2.495460663,0.632135468,7.959805354
6.875988125,7.245981903,-2.398312683,0.803529053,7.674751879
6.885795125,6.758595428,-2.212548981,0.975970459,7.178196396
6.895606125,6.212381287,-2.05462738,1.198707275,6.652223241
6.905415125,5.828280029,-1.770069122,1.381028137,6.245737067
6.915224125,5.562881927,-2.279609528,1.520687714,6.201190697
6.925034125,4.828808441,-2.653082886,2.102976837,5.897351214
6.934843125,4.905,-2.34831665,1.967807922,5.783241661
6.944651125,5.053341522,-2.85261795,1.957180023,6.124070816
6.954461125,5.365741882,-3.022065582,1.615141296,6.366533416
6.964270125,6.072272644,-3.188818817,0.820892944,6.90759913
6.974073125,6.755152588,-3.595972137,0.336500244,7.660047945
6.983869125,7.701185303,-4.009562073,0.149688721,8.683734784
6.993694125,8.484805756,-4.52119812,-0.216000824,9.616642736
7.003508125,9.371412048,-5.110073547,-0.252225494,10.67707044
7.013318125,10.25307861,-5.691015472,-0.23171814,11.72889472
7.023127125,11.38367752,-6.304589539,-0.252375183,13.01536232
7.032938125,12.4045546,-6.611301727,-0.613574066,14.06978175
7.042744125,13.48530716,-6.966962128,-1.142274628,15.22159196
7.052558125,14.65482513,-7.050338745,-1.639690247,16.34502249
7.062368125,15.43709839,-6.883435822,-2.241738281,17.05025178
7.072176125,15.82524124,-6.75485321,-2.687062225,17.41512577
7.081985125,15.60025909,-6.293961639,-2.758613434,17.04675878
7.091794125,15.6254068,-6.814279633,-2.63616806,17.24926452
7.101604125,16.02253098,-7.145241394,-2.264940033,17.68914715
7.111412125,16.05336685,-7.068600769,-1.997745667,17.65408428
7.121220125,15.19894363,-6.910379791,-1.335672455,16.74948529
7.131028125,14.12642395,-7.666307831,-0.61776535,16.0844572
7.140837125,13.33277435,-7.197333069,-0.084125061,15.1516188
7.150645125,12.51607269,-6.988068237,0.057779846,14.33487049
7.160454125,11.73050629,-6.44829071,0.036524048,13.3860586
7.170260125,10.98760117,-5.909860382,-0.052540741,12.47624101
7.180069125,10.44542862,-5.512436829,-0.118254089,11.81134721
7.189878125,10.13557297,-5.260211334,-0.298479309,11.42316736
7.199687125,9.89068222,-5.107229462,-0.53588562,11.14435108
7.209495125,9.626781006,-4.990771637,-0.801882477,10.87316557
7.219304125,9.452393646,-4.893473969,-1.096619568,10.70029942
7.229113125,9.052425385,-4.345463562,-1.34091156,10.13052332
7.238923125,9.022337952,-4.587210846,-1.484463043,10.2297955
7.248731125,8.924591217,-3.833378448,-1.734443207,9.866681912
7.258539125,8.034392395,-3.553909607,-1.656006317,8.940027493
7.268349125,8.205037537,-3.668421478,-1.616189117,9.131923367
7.278157125,8.006699982,-3.139271851,-1.302142181,8.698151908
7.287965125,7.877967682,-3.037782898,-0.8108638,8.482216682
7.297772125,7.968679047,-2.537822571,-0.195194092,8.365314691
7.307579125,7.267237701,-2.245031433,-0.000149689,7.606110042
7.317388125,7.572003937,-2.545007629,0.700393524,8.018906318
7.327195125,7.428751831,-1.729802856,1.057101746,7.700391924
7.337003125,7.111711121,-1.417851563,0.944386139,7.312906624
7.346808125,6.488856354,-1.274150391,0.893192596,6.672818671
7.356619125,5.96629303,-0.891845398,1.023571472,6.118802112
7.366428125,5.701643372,-0.819994812,1.140927429,5.872209467
7.376236125,5.473966827,-0.90801178,1.049018555,5.647055706
7.386045125,5.413193207,-1.086141357,1.050216064,5.62008163
7.395852125,5.418881378,-1.361867981,1.051563263,5.685485475
7.405660125,5.455255737,-1.72231842,1.016386414,5.81026998
7.415470125,5.453309784,-2.445314941,0.981808319,6.056574968
7.425278125,5.406906281,-2.95216095,0.961450653,6.23492399
7.435085125,5.406606903,-3.371139679,1.005908203,6.45041334
7.444892125,5.359754333,-3.603306885,1.146016846,6.559279048
7.454702125,5.332810364,-3.650309143,1.304537201,6.592832511
7.464510125,5.282514954,-3.681893463,1.36546051,6.582232609
7.474306125,5.230123901,-3.507655792,1.333576813,6.437101234
7.484126125,5.406008148,-3.197949829,1.319955139,6.418262131
7.493934125,5.639372864,-2.774929504,1.178948364,6.394738407
7.503744125,5.881120148,-2.173330536,1.049916687,6.357142822
7.513552125,6.136339417,-1.690285034,0.690963135,6.402277328
7.523360125,6.363716583,-1.182840271,0.466280365,6.489485129
7.533168125,6.249204712,-0.694106598,0.280666351,6.293895225
7.542978125,6.007756805,-0.932860107,0.239951019,6.084484062
7.552786125,6.116430817,-1.519190826,0.482297058,6.320702267
7.562595125,6.585106201,-2.442620544,0.917891235,7.083257946
7.572403125,7.354655914,-3.90103775,1.012943573,8.386603235
7.582212125,8.178243256,-5.455854492,1.268611908,9.912587309
7.592020125,8.901389465,-7.508685608,1.287921753,11.71639178
7.601831125,9.214538269,-9.378597107,0.247285767,13.15016918
7.611641125,9.712253265,-10.94224548,-0.0398172,14.63086413
7.621450125,10.17464172,-12.96888107,-1.093326416,16.52000524
7.631259125,10.46219376,-14.03840698,-2.952310638,17.75529518
7.641069125,11.00092346,-14.27401703,-4.836741943,18.65909836
7.650876125,10.94583801,-13.848452,-6.157295837,18.69500694
7.660689125,10.48958679,-13.3321756,-6.667285309,18.22720578
7.670499125,9.726324005,-12.80841476,-6.959777069,17.52413662
7.680308125,8.901239777,-12.09020828,-7.658823395,16.85416215
7.690117125,8.704997864,-11.24117386,-8.314759369,16.4704645
7.699926125,9.056766357,-10.45665527,-8.943901062,16.47300891
7.709733125,9.804012451,-9.22845932,-9.692644043,16.59007143
7.719543125,10.57505905,-7.947423248,-10.4470752,16.85629824
7.729351125,11.42978165,-6.696624298,-10.74510544,17.05702132
7.739159125,12.2532193,-5.016518097,-10.83252365,17.10702796
7.748969125,12.9566066,-3.011437683,-10.35591476,16.85785817
7.758778125,13.51778961,-1.361718292,-9.379195862,16.50921645
7.768585125,13.96790359,-0.18486557,-8.171357574,16.18355927
7.778383125,14.56037155,0.796044617,-6.755302277,16.07084987
7.788204125,15.04192017,1.857038269,-5.410648499,16.09295096
7.798013125,15.26136383,2.478695526,-4.179608459,16.01631307
7.807822125,15.77195206,2.460134125,-2.890638885,16.22228482
7.817629125,16.60841263,1.30229187,-1.162183228,16.69988036
7.827440125,16.68684952,-0.564176788,0.851728821,16.71809452
7.837250125,15.96490082,-2.878065033,3.128494263,16.52116197
7.847059125,14.8238237,-4.638105011,5.363047485,16.43228668
7.856868125,13.09911026,-5.420078888,7.915389862,16.23629704
7.866676125,11.01259918,-5.23027359,9.799970856,15.64201174
7.876486125,8.801996155,-4.791835327,10.62909668,14.60871378
7.886294125,7.201674042,-4.594096527,10.71262299,13.70146427
7.896103125,6.41670639,-4.321812744,10.16236725,12.77207479
7.905912125,6.012097778,-4.172423401,9.200018463,11.75562744
7.915720125,5.738317108,-4.567451935,8.266858978,11.05128308
7.925529125,5.610333252,-5.401816864,7.018455048,10.48399618
7.935337125,5.828878784,-6.055806885,5.801934814,10.21327922
7.945146125,6.273304596,-6.507118378,4.625531158,10.15344664
7.954952125,6.840924225,-7.04629715,3.435655518,10.40443543
7.964763125,7.525301056,-7.91329422,2.561922455,11.21667634
7.974572125,8.492888947,-8.782985687,2.013163605,12.38235955
7.984379125,9.601633301,-9.461674347,1.75629776,13.59408788
7.994186125,10.69974976,-10.06716522,1.442999268,14.7619344
8.003995125,11.49759064,-10.95227463,0.582887878,15.88982908
8.013805125,12.00144287,-12.09814178,0.030835876,17.04114481
8.023614125,12.27672043,-12.84014877,-0.728535004,17.77970889
8.033423125,12.28659988,-13.07650726,-1.299148407,17.99009076
8.043231125,12.23540634,-13.27484482,-1.438358917,18.11064741
8.053041125,12.26564346,-13.72795258,-1.521735535,18.47209708
8.062850125,11.95878159,-14.19064041,-1.577419739,18.62458014
8.072660125,11.42529099,-14.36442902,-1.729802856,18.43546346
8.082469125,10.88177124,-14.27252014,-1.807191925,18.03839569
8.092278125,10.21026764,-13.95383286,-1.771266632,17.38092063
8.102087125,9.567653961,-13.69891296,-1.708696747,16.79642412
8.111896125,9.229507141,-13.5803595,-1.520538025,16.49005767
8.121705125,8.918903046,-13.37289093,-1.235830078,16.12167235
8.131496125,8.304730225,-12.93624893,-0.939296722,15.4012129
8.141322125,7.799081726,-12.63492554,-0.431253204,14.85439324
8.151131125,7.392377472,-12.40126144,0.203426971,14.43883349
8.160941125,7.172484741,-12.33749405,0.432450714,14.27744061
8.170750125,7.270081787,-12.23046661,0.430953827,14.23461007
8.180561125,7.735314331,-12.44197678,0.219293976,14.65216584
8.190371125,8.068521423,-12.49825974,-0.178878021,14.87748405
8.200180125,8.319100342,-12.1310733,-0.990340576,14.74283366
8.209990125,8.487200775,-11.53142029,-1.751208344,14.42473437
8.219799125,8.365653534,-10.56009018,-2.365830231,13.67833383
8.229607125,8.01628006,-9.599238281,-2.948119354,12.84902834
8.239418125,7.847580872,-9.062604218,-3.465293884,12.47892553
8.249226125,7.828121338,-8.713829498,-3.548221436,12.23928852
8.259034125,7.672445068,-8.381819916,-3.529809723,11.8987762
8.268844125,7.410789185,-8.189918976,-3.503165131,11.58735238
8.278653125,7.423213348,-8.137078857,-3.102747803,11.44304123
8.288461125,7.276219025,-8.185578003,-2.620450745,11.26116391
8.298271125,6.974147186,-8.125552826,-2.117945709,10.91554084
8.308077125,6.633156281,-7.829767914,-1.590592346,10.38431567
8.317889125,6.355783081,-7.415130157,-1.158740387,9.834775702
8.327699125,6.084996185,-7.143594818,-0.950822754,9.431976962
8.337509125,5.99548233,-7.328759766,-0.562081146,9.485381557
8.347318125,5.859564972,-7.238048401,-0.137713623,9.31358209
8.357127125,5.950426025,-6.984625397,0.038919067,9.175733023
8.366937125,6.230792999,-6.786736908,0.02335144,9.213203816
8.376745125,6.269113312,-6.23543335,-0.161963196,8.843565053
8.386553125,6.024072876,-5.479954376,-0.357157288,8.151497734
8.396362125,5.623954926,-4.730313263,-0.458197174,7.363061674
8.406170125,5.152585144,-4.190236359,-0.474662933,6.65826699
8.415977125,4.732708282,-3.677402802,-0.290845184,6.000534141
8.425785125,4.740342407,-3.467090149,0.11346405,5.874047525
8.435564125,4.75411377,-3.292702789,0.647403717,5.819159816
8.445403125,4.870721283,-3.0258078,1.288370819,5.877017784
8.455212125,4.937931519,-2.750979309,1.706750793,5.904578995
8.465019125,4.85006424,-2.623594208,1.78084671,5.79463413
8.474828125,4.895569611,-2.44202179,1.730401611,5.737975424
8.484637125,5.129533081,-1.948947144,1.494342499,5.687140239
8.494446125,5.433550873,-1.385069733,1.210233307,5.736423791
8.504254125,5.575755157,-1.256038055,0.853974152,5.778922826
8.514064125,5.781577148,-1.140029297,0.311053162,5.901106268
8.523873125,5.899681549,-1.010249176,0.006137238,5.985556235
8.533682125,6.157894592,-0.703836365,-0.590671692,6.226069746
8.543491125,6.419550476,-0.51956955,-1.263522491,6.56331242
8.553301125,6.528374176,-1.418749695,-2.019300842,6.97926185
8.563110125,6.480623474,-1.631457367,-2.58707016,7.166105342
8.572919125,6.742728424,-1.804497528,-3.793261871,7.944144608
8.582728125,6.394851837,-2.173031158,-4.540058899,8.138078965
8.592536125,6.318360901,-2.820734253,-5.581892395,8.890205223
8.602345125,6.514752502,-3.468287659,-6.252348175,9.672790557
8.612150125,6.709198151,-4.852608948,-6.364764404,10.4437244
8.621963125,7.334897003,-5.247338104,-6.521638184,11.12955686
8.631774125,7.938292236,-6.57238266,-5.457800446,11.66191593
8.641583125,8.664132843,-8.204139404,-4.68974762,12.82064094
8.651393125,9.429341583,-9.307794342,-3.613036652,13.73322803
8.661202125,9.671987,-10.80453186,-3.026406555,14.81365512
8.671010125,9.254954224,-12.00922668,-3.146007843,15.48460747
8.680819125,7.790848846,-12.58971954,-3.235222321,15.15470314
8.690629125,5.365891571,-13.84725449,-3.797602844,15.32843882
8.700439125,3.883075104,-14.03526352,-3.628753967,15.00782295
8.710248125,3.623365173,-14.38209229,-3.566184082,15.25421327
8.720056125,4.470004578,-13.74935806,-3.83442627,14.95756039
8.729866125,5.913003845,-12.56232651,-4.765190735,14.67932916
8.739656125,6.841972046,-10.80962128,-5.595214691,13.96305558
8.749483125,6.976841583,-9.964179382,-6.559210052,13.81971149
8.759293125,7.266788635,-9.376052399,-7.054380341,13.80148027
8.769100125,7.564070435,-8.915909271,-6.96666275,13.61040005
8.778908125,7.781717834,-9.451345825,-5.783223724,13.53989465
8.788717125,8.577463074,-9.021888885,-4.631369019,13.28220354
8.798524125,9.409283295,-8.466244354,-3.580703888,13.154214
8.808332125,10.21386017,-7.501799927,-3.076851654,13.04097227
8.818141125,10.81007034,-6.253695374,-3.213517456,12.89546514
8.827951125,11.07307343,-4.950954437,-3.797153778,12.70996781
8.837761125,11.10375961,-3.236120453,-5.064268799,12.62587706
8.847570125,11.06319397,-1.75749527,-6.60276947,13.00306176
8.857378125,11.24341919,-0.101039886,-8.338709564,13.99852711
8.867187125,11.97434921,2.02888092,-10.16655853,15.8385703
8.876997125,13.40687027,4.148024139,-12.14065338,18.55655515
8.886806125,14.52938599,6.460864563,-13.52916595,20.87783896
8.896614125,15.61103668,8.415499878,-14.22387131,22.73419494
8.906422125,16.44525192,8.325387268,-13.07216629,22.59734311
8.916228125,16.38178391,6.38048172,-11.42439285,20.9664051
8.926041125,16.78279999,5.567372589,-9.588760071,20.11472925
8.935850125,16.68610107,5.064717865,-9.089099121,19.66441097
8.945660125,15.72315353,3.165916443,-9.540560303,18.66180256
8.955469125,14.56306595,1.234333191,-9.696835327,17.53952917
8.965280125,13.13787964,0.251926117,-9.430239716,16.17395342
8.975089125,11.32350266,-0.859512634,-9.240733795,14.64075256
8.984899125,8.436456299,-1.774110718,-8.518036652,12.11933216
8.994706125,7.654931488,-1.04258194,-6.854545898,10.32810499
9.004516125,6.478527832,1.333127747,-5.193150787,8.4093619
9.014326125,5.350323944,4.274211731,-4.155059509,8.009954541
9.024137125,5.93470871,6.104006653,-3.066373444,9.048884505
9.033947125,7.129524078,5.934109955,-2.541115723,9.617746288
9.043734125,8.041577454,4.019890594,-1.991309052,9.208246308
9.053566125,8.530909882,1.381776581,-1.481169891,8.768100945
9.063375125,8.606802063,-0.737815704,-0.893192596,8.684423227
9.073181125,8.109236755,-1.627715149,0.039966888,8.271080625
9.08298,6.903194733,-2.100581818,1.520088959,7.374090583
9.092789,5.614374847,-2.687960358,3.454216919,7.118844733
9.102598,4.487069092,-2.832260284,5.251828766,7.465734575
9.112407,3.861070862,-2.769391022,6.337670746,7.921077282
9.122214,3.833378448,-2.193388824,7.150181122,8.404215308
9.132023,4.431833954,-2.988086243,8.52177887,10.05935021
9.141832,5.065765686,-3.401676178,9.258546753,11.08846566
9.151641,5.45615387,-3.232378235,9.344767456,11.29347435
9.161452,5.264103241,-2.986888733,9.517807617,11.27922644
9.17126,4.876110077,-2.799179077,9.445957031,10.99263195
9.18107,4.399950256,-2.123933258,9.289532318,10.49600235
9.19088,3.955374756,-1.294807434,9.517657928,10.38784521
9.200688,3.637136536,-1.021026764,10.41234741,11.0764722
9.210497,3.699706421,-2.166145477,11.04867416,11.8512959
9.220302,4.089046783,-3.811673584,11.3746962,12.67410244
9.230115,4.26029068,-4.719385986,12.05323517,13.62729462
9.239923,3.908671875,-5.357658691,13.07620789,14.66183601
9.249734,3.478167114,-6.349496155,14.00712204,15.76747335
9.259542,3.102747803,-7.159162445,14.4880719,16.45554248
9.26935,2.938838654,-7.771988068,14.57668762,16.77856946
9.279159,2.474055176,-8.194409637,14.61096634,16.93368346
9.288967,2.012115784,-7.915240173,15.2392099,17.28968349
9.298776,1.944157104,-7.590715027,15.72644669,17.57042478
9.308586,2.353705444,-7.979007568,15.5670282,17.65040674
9.318394,2.72044281,-8.644373932,15.9134079,18.31290694
9.328203,2.951562195,-8.624165955,16.32699783,18.69916619
9.338012,3.025209045,-8.015830994,16.10306351,18.24045204
9.347801,3.159779205,-7.877368927,15.6081926,17.76662101
9.357628,3.28671524,-7.877219238,15.49353104,17.68905266
9.367436,3.363655243,-8.018525391,15.38800049,17.67488289
9.377244,3.345393219,-8.184230804,15.21540939,17.59778317
9.387053,3.164718933,-8.384214935,15.41479477,17.83049085
9.39686,3.009192352,-8.72415802,15.55400528,18.08571956
9.406667,2.913241882,-9.197024689,15.61657516,18.35618864
9.416475,2.510878601,-9.475146332,15.65130295,18.46743602
9.426283,2.032772827,-9.174272003,15.67884567,18.27910375
9.436092,1.74581955,-8.988957367,15.70384369,18.17855734
9.445902,1.769470367,-9.220525818,15.2113678,17.87553725
9.455713,1.74806488,-8.760532379,14.54016357,17.06514035
9.465522,1.685944061,-8.278085632,14.14678162,16.47727342
9.475331,1.823807373,-8.077203369,13.5457814,15.87626157
9.485109,1.805545349,-7.619305573,13.19431229,15.34287092
9.494937,1.66858017,-7.098239136,13.0057045,14.91031549
9.504757,1.457668762,-6.69288208,12.91693909,14.62076551
9.514566,1.504521332,-6.20384903,12.72219406,14.2339576
9.524345,1.383722534,-5.620212708,12.54346573,13.81448556
9.534183,1.228944397,-5.266647949,12.52385651,13.64165924
9.543992,1.216969299,-4.786296844,12.24423798,13.2026897
9.5538,1.19930603,-4.207151184,11.81238602,12.59646456
9.563608,1.175206146,-3.742218018,11.46271317,12.11524239
9.573415,1.501826935,-2.842289429,10.66322571,11.13725621
9.583226,1.584455109,-2.351310425,9.896669769,10.29481575
9.593034,1.483265533,-1.791025543,9.128616943,9.420164353
9.602845,1.175505524,-1.118923187,8.435258789,8.589958858
9.612653,1.021924896,-0.439186707,7.780370636,7.859477253
9.622462,0.921932831,0.060324554,7.02399353,7.084496052
9.632274,0.718655548,0.468226318,6.463858337,6.520518866
9.642083,0.343086548,0.818348236,5.97677124,6.042284061
9.651892,0.12992981,1.047072601,5.395529938,5.497725539
9.661704,-0.024249573,1.204994202,4.73884552,4.889709187
9.671513,-0.291893005,1.264570313,4.067042542,4.269095295
9.681323,-0.686173096,1.128203888,3.612288208,3.846076394
9.691132,-1.385967865,1.070424042,3.394191742,3.819326136
9.700939,-2.105072479,1.232237549,3.212918701,4.033929362
9.710751,-2.748135223,1.529968414,2.909200287,4.284448257
9.72056,-3.334465942,1.804198151,2.599045258,4.596610745
9.730369,-3.768712921,1.760489044,2.136207733,4.67609904
9.740181,-4.104913788,1.5129039,1.543440399,4.639116692
9.749989,-4.385879517,1.199904785,1.179846497,4.69763221
9.759798,-4.864134979,0.843346252,1.035396881,5.044114263
9.769609,-5.331612854,0.727636871,1.033750305,5.479433432
9.779419,-5.713019714,0.74769516,1.306483154,5.908006478
9.789229,-6.067781982,0.767154694,1.854493561,6.391060231
9.799038,-6.223757629,0.837209015,2.395468597,6.721186485
9.808847,-6.425687714,0.840801544,2.815495148,7.065650908
9.818656,-6.642886047,0.647852783,3.302731934,7.446857491
9.828441,-6.690936127,0.405656433,3.639830933,7.627683306
9.838274,-6.822662201,0.427361298,3.720064087,7.782688096
9.848083,-7.333250427,0.637524261,3.895349579,8.328069846
9.857891,-7.968379669,0.870140533,4.179159393,9.039778334
9.8677,-8.468789063,1.021924896,4.446802826,9.619707587
9.87751,-8.779692535,0.826880493,4.539759521,9.918475129
9.887318,-8.826994171,0.392633514,4.515509949,9.922692038
9.897126,-8.918753357,-0.064815216,4.35040329,9.923425378
9.906936,-9.000034332,-0.33934433,3.91974884,9.822433687
9.916743,-8.894503784,-0.452509003,3.246748352,9.479363735
9.926552,-8.945847015,-0.634979553,2.604733429,9.338951445
9.93636,-9.206155701,-0.834813995,2.293081512,9.524097858
9.946169,-9.368118896,-1.027762756,2.358196106,9.714887381
9.955979,-9.413773956,-1.09991272,2.65727417,9.843274562
9.965788,-9.376351776,-1.199006653,2.925067291,9.89492841
9.975597,-9.249116364,-1.233135681,3.19555481,9.86297864
9.985406,-9.245673523,-1.264420624,3.67994751,10.0311142
9.995215,-9.636510773,-1.389410706,4.446054382,10.70327994
10.005021,-10.21146515,-1.381626892,5.359754333,11.61507124
10.014834,-10.65424438,-1.258882141,6.18618576,12.38412701
10.024642,-10.92637848,-1.09871521,6.886728973,12.96225126
10.034453,-11.14731903,-0.884510651,7.358248444,13.38614585
10.044261,-11.30539032,-0.572259979,7.751630402,13.71958839
10.054069,-11.40238861,-0.075443115,7.979456635,13.91732323
10.063878,-11.42873383,0.513731689,8.080795898,14.00639638
10.073688,-11.25868744,1.026415558,8.079299011,13.89556203
10.083496,-10.99448685,1.510658569,8.007448425,13.68503053
10.093305,-10.76246933,1.996398468,7.833061066,13.46005938
10.103113,-10.52970337,2.525548096,7.773185577,13.32949587
10.112922,-10.28286667,3.155138855,7.664212189,13.20728574
10.122732,-9.892029419,3.566932526,7.360493774,12.83558032
10.132541,-9.486971741,3.851341095,7.062164154,12.43823233
10.142351,-9.168284454,4.097279663,6.888225861,12.17755296
10.15216,-8.855435028,4.091890869,6.760092316,11.86849395
10.161969,-8.471932526,3.902983704,6.620432739,11.43840252
10.171777,-8.02795578,3.638334045,6.460714874,10.92823798
10.181585,-7.601941681,3.243754578,6.358776855,10.42811125
10.191394,-7.230713654,2.951113129,6.318660278,10.04578301
10.201204,-6.863227844,2.742447052,6.30324234,9.713690147
10.211013,-6.619983673,2.57419693,6.238427124,9.453499175
10.22082,-6.478078766,2.482737122,6.205645294,9.308035326
10.23063,-6.497837677,2.452649689,6.244863739,9.340005786
10.240438,-6.384972382,2.552941132,6.268065491,9.304516416
10.250247,-6.268514557,2.579436035,6.175258484,9.169600992
10.260056,-6.233637085,2.479144592,6.066434784,9.044668054
10.269865,-6.158792725,2.444117432,5.926625519,8.889844087
10.279675,-6.090834045,2.348017273,5.795348511,8.729118446
10.289484,-6.028862915,2.287842407,5.67724411,8.591420815
10.299293,-6.025869141,2.242786102,5.54851181,8.492771733
10.309083,-6.063291321,2.22317688,5.552553406,8.516857778
10.318913,-6.128256226,2.32960556,5.583838348,8.611726722
10.328721,-6.193071442,2.431543579,5.605243835,8.69972968
10.338531,-6.286028137,2.493814087,5.672903137,8.826952387
10.348338,-6.416556702,2.607577515,5.833519135,9.055473808
10.358147,-6.457272034,2.627785492,5.811065826,9.075797747
10.367958,-6.483317871,2.607128448,5.739813995,9.043008021
10.377766,-6.562652893,2.620151367,5.853427734,9.175849956
10.387575,-6.777306519,2.680775299,6.099216614,9.503624738
10.397385,-6.961124268,2.695444794,6.274502106,9.751515286
10.407194,-7.076833649,2.698588257,6.342610474,9.878899771
10.417004,-7.151079254,2.628983002,6.382727051,9.939250008
10.426814,-7.201224976,2.525997162,6.302194519,9.897270258
10.436622,-7.201674042,2.368524628,6.178551636,9.780006045
10.446434,-7.214996338,2.121238861,6.042185211,9.646959551
10.456243,-7.279512177,1.866917725,5.856720886,9.52774154
10.466054,-7.37037323,1.615440674,5.756579132,9.490534939
10.475863,-7.491022339,1.465602264,5.719007263,9.537843035
10.485668,-7.617658997,1.404678955,5.784570923,9.667632198
10.495482,-7.731123047,1.272354126,5.879922638,9.796052206
10.505291,-7.811356201,1.249451752,5.906716919,9.87257414
10.5151,-7.887248383,1.367705841,5.965694275,9.983426992
10.524912,-7.848778381,1.501677246,6.001769257,9.993977729
10.534722,-7.849826202,1.696122894,6.070775757,10.06731953
10.544531,-7.815397797,1.845661926,6.100713501,10.08492022
10.554341,-7.710166626,2.004930725,6.069578247,10.01529813
10.56415,-7.500602417,2.228865051,5.936205597,9.821680759
10.57396,-7.171287231,2.464026031,5.732778625,9.50597368
10.583769,-6.747219086,2.620600433,5.434598694,9.051374204
10.593578,-6.276597748,2.788700867,5.067861328,8.535557993
10.603387,-5.743705902,2.905009003,4.627626801,7.927431148
10.613182,-5.276527405,2.881507874,4.151766357,7.306298171
10.623007,-4.962181091,2.695145416,3.783981171,6.797467433
10.632816,-4.816533966,2.475552063,3.508404236,6.452616349
10.642624,-4.960983582,2.360441437,3.530408478,6.530453728
10.652433,-5.374723206,2.337539063,3.926335144,7.054632951
10.662242,-5.8844133,2.231110382,4.333039398,7.640641586
10.67205,-6.439758453,2.077230377,4.646637268,8.208325827
10.681859,-7.127727814,2.097288666,5.124743042,9.025858119
10.691668,-7.874225464,2.136956177,5.647755432,9.923061512
10.701477,-8.517288208,2.208507385,6.014941864,10.65838773
10.711286,-9.076674957,2.079475708,6.372548218,11.28359953
10.721094,-9.440119171,1.648521881,6.652166748,11.66553886
10.730902,-9.657317505,1.291963348,6.847809906,11.90904913
10.740712,-10.07929001,0.765957184,7.158264313,12.38626358
10.75052,-10.62370789,0.590671692,7.624095612,13.08964844
10.760329,-11.12366821,0.460143127,8.161478119,13.80425483
10.770138,-11.38981476,0.397722931,8.618777161,14.28878524
10.779947,-11.59339142,0.341140594,8.97099472,14.66294131
10.789752,-11.6905394,0.428109741,9.238039398,14.90615179
10.799565,-11.71239395,0.644859009,9.331295471,14.98896562
10.809374,-11.67227737,0.829125824,9.18639679,14.87680728
10.819183,-11.51495453,1.127006378,8.791368256,14.53108657
10.828991,-11.2339888,1.504221954,8.290360107,14.04262293
10.838801,-10.90826614,1.800156555,7.665559387,13.45331315
10.84861,-10.38450531,2.051034851,6.777306519,12.56887338
10.858419,-9.784702606,2.245330811,5.785019989,11.58655996
10.868229,-9.08924881,2.362986145,4.876409454,10.58194295
10.878039,-8.317154388,2.545905762,4.022884369,9.583334071
10.887847,-7.633526001,2.751877441,3.213218079,8.727446309
10.897657,-6.880442047,3.026556244,2.430795135,7.899955092
10.907465,-6.144572296,3.37458252,1.724863129,7.219330211
10.917259,-5.591472473,3.674558716,1.275497589,6.811302392
10.927084,-5.189408569,3.908222809,1.156644745,6.59863576
10.936894,-4.91667572,4.0052211,1.240919495,6.461840093
10.946702,-4.846771088,4.0742276,1.571282501,6.523760358
10.95651,-4.906047821,4.093986511,2.027833099,6.703889756
10.966319,-4.940625916,3.893104248,2.504891052,6.770563072
10.976128,-4.994513855,3.742966461,2.951711884,6.904170451
10.985937,-5.049599304,3.627556458,3.447480927,7.109342004
10.995745,-5.090913391,3.525917816,3.789220276,7.260005916
11.005555,-5.144651642,3.418740692,3.978426819,7.34731981
11.015364,-5.218747559,3.284918976,4.225113831,7.475132483
11.025173,-5.364244995,3.087329865,4.572990417,7.695386372
11.034983,-5.596711578,2.893183594,4.831203461,7.939409215
11.044792,-5.924080811,2.774480438,5.142106934,8.320681394
11.054602,-6.319259033,2.692151642,5.451363831,8.769155193
11.064412,-6.705306244,2.647993469,5.666915588,9.169892776
11.074222,-7.123237152,2.616409149,5.878575439,9.599153794
11.084032,-7.61960495,2.604883118,6.174360352,10.14724206
11.093838,-8.073161774,2.5812323,6.42613678,10.63644373
11.10365,-8.486302643,2.525697784,6.606661377,11.04737328
11.113461,-8.744515686,2.448308716,6.743925934,11.31111432
11.12327,-8.929231567,2.391576691,6.839876404,11.49933584
11.133078,-9.036408691,2.373763733,6.893614655,11.61091552
11.142887,-8.959019623,2.311193848,6.838978271,11.5055323
11.152695,-8.796008606,2.163750458,6.719077606,11.27819078
11.162504,-8.545279999,1.993404694,6.540349274,10.94402308
11.172313,-8.217910767,1.862427063,6.333479462,10.54114102
11.182121,-7.919730835,1.80075531,6.169121246,10.19916237
11.191931,-7.642058258,1.786385193,6.009852448,9.884864841
11.201739,-7.342082062,1.815275116,5.794450378,9.527698984
11.211549,-6.9912117,1.901196442,5.571563873,9.139688887
11.221336,-6.620881805,2.008523254,5.281167755,8.704078033
11.231165,-6.206693115,2.16345108,5.004093933,8.261023913
11.240974,-5.859564972,2.24188797,4.641547852,7.804135429
11.250783,-5.531596985,2.301464081,4.317022705,7.384577656
11.260591,-5.344037018,2.346819763,4.150568848,7.161949205
11.270395,-5.321284332,2.398462372,4.202061768,7.192079796
11.280207,-5.42097702,2.532134399,4.4006987,7.427304055
11.290015,-5.796396332,2.726729736,4.633464661,7.9058371
11.299822,-6.284980316,2.9077034,4.857698364,8.458897684
11.309631,-6.640940094,3.102448425,5.038971405,8.894858312
11.319438,-6.960076447,3.244503021,5.208568726,9.278935939
11.329245,-7.47799942,3.479065247,5.416785736,9.867418002
11.339053,-8.115074615,3.645219727,5.582191772,10.50252007
11.348862,-8.716374207,3.805386658,5.730982361,11.10406708
11.35867,-9.309440918,3.834875336,5.866899719,11.65300268
11.368479,-9.84861969,3.843557281,5.990991669,12.15155231
11.378288,-10.32178574,3.909719696,5.99084198,12.55847748
11.388096,-10.76261902,3.879033508,6.0025177,12.91940741
11.39788,-11.12486572,3.739523621,6.087391205,13.22130878
11.407713,-11.57527908,3.562741241,6.189628601,13.60116588
11.417522,-11.94560898,3.493435364,6.206543427,13.90765422
11.42733,-12.05503143,3.407364349,6.077511749,13.92372306
11.437137,-12.06865311,3.198548584,5.840853882,13.78400069
11.446946,-11.9280954,3.096909943,5.571713562,13.52458144
11.456754,-11.58905045,3.027753754,5.172044678,13.04697011
11.466562,-11.24865829,2.89363266,4.777315521,12.5589875
11.47637,-10.92143875,2.651585999,4.386777649,12.06451619
11.486178,-10.48988617,2.496059418,4.085603943,11.53083622
11.495985,-9.987081757,2.462529144,3.869303741,10.98987549
11.505795,-9.539512482,2.503394165,3.628304901,10.50875241
11.515602,-9.1079599,2.474055176,3.54882019,10.08315463
11.52541,-8.578211517,2.533331909,3.567980347,9.629847722
11.535218,-8.022716675,2.68646347,3.666924591,9.22103057
11.545025,-7.570806427,2.713557129,3.879332886,8.929150345
11.554834,-7.067253571,2.496059418,4.17841095,8.581113198
11.564642,-6.608008575,2.273621979,4.437222748,8.277927274
11.574446,-6.278244324,2.088756409,4.688849487,8.109535414
11.584258,-6.025569763,1.777852936,4.946314087,7.995891137
11.594067,-5.642366638,1.467398529,5.10393631,7.748530543
11.603875,-5.438340912,1.009500732,5.423821106,7.746772166
11.613683,-5.029091949,0.408201141,5.699547729,7.612045607
11.623492,-4.550237732,-0.151185608,5.779930573,7.357657095
11.6333,-4.159101105,-0.494870911,5.663023682,7.043639431
11.643108,-3.848796387,-0.831820221,5.514981537,6.776443009
11.652916,-3.641178131,-1.221459961,5.539380798,6.740540204
11.662724,-3.437601471,-1.421593781,5.677393799,6.78754986
11.672532,-3.245401154,-1.606609039,5.836213531,6.86842119
11.68234,-3.088677063,-1.979483643,6.016139374,7.046432747
11.692147,-2.639161835,-3.089874573,6.476282501,7.645569639
11.701955,-2.214944,-4.578079834,6.618786163,8.34704272
11.711762,-3.142415314,-2.857557678,6.415508881,7.694099303
11.721569,-2.741399231,-2.666255493,6.304589539,7.373739713
11.731377,-2.119891663,-3.624113617,6.837631073,8.023798281
11.741186,-1.844314728,-4.467759247,7.02983139,8.531172187
11.750993,-1.706451416,-5.234764252,7.796986084,9.545036679
11.760801,-1.707648926,-5.7848703,9.065897369,10.88904424
11.77061,-1.476529541,-6.428831177,10.28092072,12.21504566
11.780418,-0.969384155,-7.337292023,11.23339005,13.45230879
11.790224,-0.290246429,-8.106542358,12.13855774,14.59948136
11.800033,0.525706787,-8.586294708,12.1828656,14.91385392
11.80984,1.730700989,-8.959468689,12.63238083,15.58346722
11.819647,3.019371185,-9.205556946,12.95076874,16.17347495
11.829454,4.04728363,-9.434431,13.113181,16.65366353
11.839262,5.586083679,-9.680668945,14.12193329,18.009683
11.84907,7.316784668,-9.839338989,14.42415482,18.93156549
11.858879,9.13250885,-9.643695831,14.78625183,19.87553346
11.868687,10.98700241,-9.350605316,14.09558807,20.17011762
11.878471,13.02052368,-8.831933899,13.02875656,20.42756938
11.888303,14.89986557,-8.159532166,11.63171173,20.58836266
11.89811,16.65825897,-7.819888458,11.17950211,21.53205784
11.907919,17.719552,-7.585176544,10.83132614,22.10961448
11.917726,18.28926727,-7.385491791,10.438992,22.31625731
11.927532,18.58205841,-6.945856018,10.38345749,22.39093567
11.93734,18.88517807,-6.179150391,10.54242691,22.49387951
11.947148,19.20536224,-5.243895264,10.55125854,22.53160965
11.956955,19.20341629,-4.366869049,10.51787796,22.32636332
11.966764,18.90179352,-3.646866302,10.37851776,21.86986655
11.976571,18.29989517,-3.109034729,10.3328627,21.24430069
11.986378,17.48184631,-2.550246735,10.26999344,20.43505503
11.996158,16.71768539,-1.926942902,10.16116974,19.65816584
12.005984,16.16263962,-1.383572845,9.783505096,18.94365765
12.015802,15.61043793,-0.91384964,9.320218506,18.20404808
12.025608,15.27363831,-0.526904297,8.501720581,17.48830775
12.035416,15.09865219,-0.300125885,7.647297363,16.9275081
12.045224,15.11392044,0.05733078,6.769522705,16.56080661
12.055029,15.03174133,0.335602112,6.006110229,16.19071451
12.064839,14.91902573,0.471220093,5.743705902,15.9934216
12.074647,14.80870514,0.686771851,5.933960266,15.96813351
12.084455,14.85735397,0.63887146,5.743855591,15.94180043
12.094263,14.72487946,0.288749542,4.521347809,15.4061039
12.10407,14.28569275,0.248483276,3.445085907,14.69732554
12.113878,14.25665314,0.136965179,3.154689789,14.60215689
12.123685,14.34227509,-0.787662048,2.75786499,14.62624646
12.133493,14.78295868,-1.859582977,2.521207123,15.11126737
12.1433,16.52503601,-2.690654755,1.011746063,16.77319493
12.153109,19.27317123,-2.992427216,-1.825603638,19.5893486
12.162917,21.53915909,-2.801574097,-4.810396729,22.24688986
12.172724,21.65337158,-2.025288391,-5.26185791,22.37537581
12.182518,19.90186386,-1.866019592,-2.289638672,20.11985734
12.192339,18.05440567,-1.333127747,-0.498313751,18.11041442
12.202146,17.92642181,-0.362995148,-1.834584961,18.02370846
12.211953,17.87926987,0.77688446,-3.874093781,18.31066474
12.221758,15.67660034,3.349434814,-5.379962311,16.90912494
12.231566,13.43246704,6.371051331,-6.767277374,16.33454955
12.241373,11.87241119,7.560328217,-8.669371948,16.53090198
12.251177,10.50186127,7.496111755,-10.81740509,16.83737018
12.260985,9.401499481,7.575297089,-12.23690323,17.19055319
12.27079,8.772806854,7.257957001,-12.70917114,17.06350231
12.280596,9.073830872,6.084547119,-12.32611771,16.47086209
12.290402,9.320817261,5.461392975,-11.33293304,15.65694156
12.30021,8.930279388,6.484066315,-11.07457031,15.63454872
12.310015,8.299191742,8.125702515,-11.00780914,16.0023588
12.319821,7.241491241,9.269174652,-10.91395432,16.04590892
12.32963,6.478228455,9.647138672,-10.82668579,15.88243853
12.339436,5.889951782,9.142088928,-10.90302704,15.39952339
12.349244,5.676944733,8.537795563,-10.72893906,14.84020848
12.359033,5.783523102,7.779173126,-10.02180954,13.94278812
12.368844,6.143823853,6.803502045,-8.994795227,12.84291839
12.378664,6.635700989,5.971532135,-7.803422699,11.85686002
12.388471,7.080426178,5.56961792,-6.472689972,11.0927361
12.398278,7.338040466,5.346282349,-5.428611145,10.57825089
12.408084,7.278164978,5.670059052,-4.605023804,10.31152265
12.417892,7.082072754,6.296805725,-4.512516174,10.49610971
12.427699,6.546486511,6.797364807,-4.822072449,10.59778452
12.437505,6.48810791,7.006629639,-5.09570343,10.8237977
12.447313,6.364465027,7.064559174,-5.331612854,10.90139931
12.45712,6.24591156,7.006180573,-5.619015198,10.93943825
12.466928,6.066285095,6.788682861,-5.680986328,10.73124576
12.476735,5.992937622,6.53615799,-5.419480133,10.3926622
12.486533,6.051765289,6.27629837,-5.017565918,10.05941112
12.49635,6.210585022,6.291865997,-4.627177734,9.978462699
12.506157,6.33362915,6.32315094,-4.234394531,9.900868299
12.515964,6.31731308,6.247558136,-3.861968994,9.687890984
12.525772,6.234385529,6.298901367,-3.414699097,9.497572915
12.535576,6.129004669,6.252497864,-2.967878265,9.244821749
12.545386,5.756130066,6.146667938,-2.450404358,8.770350141
12.555192,5.410648499,6.002368011,-1.903142395,8.30213767
12.565001,5.109025726,5.809718628,-1.423839111,7.866529872
12.574808,4.995861053,5.661227417,-1.204844513,7.645899151
12.584616,5.040168915,5.805078278,-1.151106262,7.773498706
12.594424,5.343587952,6.137985992,-1.413061523,8.259875732
12.604231,5.929768982,6.411766663,-2.110610962,8.984853396
12.614039,6.498436432,6.503675537,-3.203039246,9.73585805
12.623848,7.372618561,6.790179749,-4.485123138,10.9808185
12.633655,9.145831146,6.284231873,-5.69835022,12.47433336
12.643463,10.08168503,6.24591156,-6.876999207,13.70929985
12.65327,10.47327072,6.85783905,-8.313262482,15.02763086
12.663048,11.11438751,7.397766266,-8.145461426,15.63985605
12.672885,11.39355698,7.49910553,-6.933132477,15.30091665
12.682694,10.58164536,7.936046906,-5.166356506,14.20011614
12.692501,9.260792084,8.545429688,-3.071013794,12.96987912
12.702306,7.707621918,9.157506866,-1.170266418,12.02650785
12.712113,5.965544586,9.666747894,0.211659851,11.36127356
12.72192,4.255051575,10.17389328,1.038540344,11.07664816
12.731727,2.930456085,10.49437683,1.434317322,10.98984914
12.741535,1.955683136,10.93745544,1.429078217,11.2024503
12.751341,1.199605408,11.33428024,1.147513733,11.45520622
12.761149,0.440234528,11.41406433,0.639170837,11.44042003
12.770959,-0.118104401,11.44579834,0.118403778,11.44702004
12.780767,-0.270786896,11.51315826,-0.363444214,11.52207579
12.790574,-0.167801056,11.52663025,-1.167871399,11.58685832
12.800381,0.338446198,11.28817612,-2.034569092,11.47505718
12.810188,1.07416626,10.95945969,-2.822081451,11.36783768
12.819996,1.895657959,10.54901321,-3.671864319,11.32950954
12.829802,2.611918488,9.996811523,-4.493356018,11.26714725
12.839607,2.987038422,9.227710876,-5.164410553,10.9883658
12.849417,3.019371185,8.418194275,-5.545817413,10.52324513
12.859225,2.960543518,7.611671448,-5.640420685,9.925558204
12.869032,2.688409424,7.417375488,-5.280419312,9.493567953
12.878839,2.23605011,7.787555695,-4.422403564,9.230579455
12.888647,1.980381775,7.722441101,-3.467090149,8.693602397
12.898455,1.561403046,7.820337524,-2.30969696,8.30243088
12.90826,0.864003296,8.375233612,-0.713416443,8.449852234
12.91807,0.532143402,7.906707916,0.234562225,7.928065723
12.927875,1.469494171,5.477259979,-0.245788879,5.676284187
12.937682,2.139351196,3.132685547,-1.831740875,4.212578416
12.94749,2.277214508,2.019450531,-3.721111908,4.807344401
12.957297,2.33903595,1.930535431,-4.72836731,5.617429451
12.967104,1.938019867,2.249971161,-5.150339813,5.945106511
12.976912,1.415306854,2.420316925,-6.099366302,6.71292014
12.986718,1.323098602,2.985840912,-7.109615479,7.82383973
12.996524,1.337917786,4.218078461,-7.342381439,8.572792725
13.006331,1.171164551,5.399122467,-7.131919098,9.021442226
13.016137,1.103056183,6.14651825,-6.4975383,9.011904543
13.025943,1.253792725,6.969357147,-5.697601776,9.088817373
13.035749,1.388662262,7.682324524,-4.93194397,9.234206208
13.045554,1.726210327,8.495283966,-4.389771423,9.716982294
13.055362,2.079625397,9.653126221,-4.034111023,10.66685236
13.065169,2.558030548,10.89973389,-3.762575684,11.81121056
13.074977,3.351530457,11.78409485,-3.442541199,12.72590813
13.084784,3.846401367,12.35201385,-2.78944931,13.23435216
13.094591,4.615352325,12.28719864,-2.219135284,13.31169745
13.104399,5.81420929,11.61135406,-2.468816071,13.21830646
13.114207,7.031477966,10.82728455,-3.527265015,13.38332438
13.124014,7.913443909,10.16416351,-4.839136963,13.76045279
13.133821,8.514294434,9.491462402,-5.785618744,14.0019446
13.143625,8.868907013,8.721164246,-6.450086975,14.01141818
13.153435,8.876391449,7.989186401,-6.551575928,13.62132782
13.163244,8.753646698,7.372019806,-6.48930542,13.15614272
13.173048,8.466543732,6.857539673,-6.399492188,12.63573161
13.182856,8.063432007,6.420149231,-6.113137665,11.98364318
13.192662,7.594906311,5.864205322,-5.464386749,11.04223838
13.202468,7.062912598,5.400619354,-4.417763214,9.92814462
13.212274,6.600224762,4.913831635,-3.187022552,8.824161206
13.222082,6.500681763,4.285737762,-1.668729858,7.963106862
13.231888,6.737788696,3.8472995,-0.193397827,7.761244274
13.241694,6.914870453,3.331023102,1.137185211,7.759145474
13.251501,6.987619171,2.895428925,2.465223541,7.955354011
13.261308,6.892866211,3.084186401,3.430416412,8.294068189
13.271116,6.905739441,3.649411011,4.358037415,8.944267888
13.280923,7.045249329,4.957391052,5.379662933,10.15637915
13.29073,6.735543365,7.027885437,6.073769531,11.473857
13.300537,6.41910141,9.21214325,5.892346802,12.68022859
13.310344,6.502627716,11.08370132,4.956343231,13.77308754
13.320151,6.788084106,11.72826096,4.262236633,14.20552188
13.329959,6.312672729,13.48351089,1.494941254,14.96294598
13.339767,4.946014709,17.67554352,-0.812660065,18.37248803
13.349573,3.784729614,20.8023912,-1.868264923,21.22625902
13.35938,3.176993408,19.28724197,-4.334685974,20.02200021
13.369185,1.987716522,17.46957184,-8.094567261,19.35610953
13.378992,0.917142792,16.46905243,-10.68298462,19.65189556
13.3888,0.260308685,15.33276535,-13.16212921,20.20898561
13.398608,-0.177231445,12.5570874,-14.65183136,19.29735778
13.408414,-0.196690979,9.954898682,-15.54696991,18.46204129
13.418221,-0.161663818,7.602839813,-15.2869606,17.07397062
13.428029,-0.097447357,4.989574127,-14.31667831,15.16155084
13.437837,-2.135159912,1.329086151,-13.53530319,13.76698262
13.447624,-10.62445633,-0.71611084,-14.41352692,17.92042536
13.457454,-10.20907013,-4.810995483,-17.83496201,21.10584422
13.467258,-4.157753906,-5.11680954,-14.49495758,15.92395845
13.477067,0.360001373,1.779349823,-14.16998337,14.28580118
13.486875,-4.046684875,6.648873596,-11.99934723,14.30270997
13.496683,-4.761448517,7.354206848,-12.05353455,14.90112229
13.50649,-5.697751465,8.963360596,-11.42304565,15.59782603
13.516299,-6.358028412,10.43270508,-9.532626801,15.49634906
13.526105,-6.263125763,9.309440918,-8.226293335,13.91274008
13.535913,-5.400170288,6.607858887,-6.810088348,10.91800996
13.545722,-4.573738861,4.130510559,-5.328020325,8.146656076
13.55553,-3.656895447,2.445913696,-4.773872681,6.491936421
13.565338,-3.190315704,1.983824615,-4.722828827,6.034797969
13.575147,-2.873873749,2.187550964,-4.854405212,6.050601583
13.584955,-3.006198578,2.74379425,-5.163213043,6.574527033
13.594762,-3.088826752,3.520229645,-5.75208847,7.417505593
13.604572,-2.467169495,3.991449738,-6.56534729,8.069843949
13.61438,-2.797083435,3.899989929,-7.873177643,9.220657427
13.624185,-1.995799713,4.38662796,-7.280110931,8.730735165
13.633997,-2.352807312,5.859864349,-8.065677338,10.24347907
13.643806,-2.33664093,5.886808319,-8.352331238,10.48216772
13.653615,-2.670746155,4.498445435,-6.691983948,8.494206585
13.663422,-3.373983765,4.603826294,-7.135511627,9.137532992
13.67323,-3.519780579,5.043013,-7.250173187,9.507147137
13.683038,-3.697610779,4.368964691,-6.028862915,8.313084024
13.692845,-3.549568634,2.873125305,-4.773573303,6.606155356
13.702653,-2.407294006,2.530188446,-3.992497559,5.304427845
13.71246,-1.54329071,2.470911713,-3.656147003,4.674886289
13.722268,-0.925675049,1.770069122,-3.027154999,3.626801122
13.732074,-0.111368408,0.351618805,-1.722168732,1.761222259
13.741882,0.700094147,-0.819396057,-0.655636597,1.261507455
13.751688,0.723894653,-1.498533783,0.227227478,1.67966047
13.761495,-0.199535065,-1.26022934,4.889282684,5.053026558
13.771301,0.548459473,-3.105741577,3.659889221,4.831275986
13.781108,0.405357056,-3.265309753,6.143973541,6.969574808
13.790916,0.680335236,-4.474794617,8.811127167,9.905685481
13.800724,0.861009521,-4.394411774,8.939859467,9.998663886
13.810533,1.114582214,-3.885769501,9.31033905,10.15006952
13.820341,1.128203888,-3.462000732,9.63561264,10.30064678
13.830149,1.516496429,-2.901416473,10.39962387,10.90275908
13.839957,1.813329163,-1.821112976,10.77953384,11.08164992
13.849764,1.97978302,-1.343007202,11.05301514,11.30895012
13.859571,2.45714035,-1.555265808,11.54968231,11.91014492
13.869376,3.058739319,-1.325792999,13.09896057,13.51652253
13.879182,3.052302704,-0.150287476,14.50603455,14.82444523
13.88899,3.057242432,1.517394562,12.97322205,13.41468255
13.898797,2.881058807,2.264490967,11.10899872,11.69778918
13.908604,2.871927795,2.062710571,11.82211578,12.33957721
13.918413,3.132685547,1.85224823,13.37633377,13.86257001
13.928217,2.872077484,1.686991882,13.46345261,13.86936649
13.938026,2.541864166,1.793869629,12.98594559,13.35341995
13.947833,2.157912598,2.221230927,12.94642776,13.31166577
13.957641,1.338965607,2.235750732,13.45132782,13.70144629
13.967449,-0.079335022,1.738335114,13.63379837,13.74440108
13.977259,-1.220112762,1.261277161,13.16826645,13.28468052
13.987066,-2.117646332,0.922980652,12.80137939,13.00813721
13.996873,-2.189945984,0.366587677,13.00765045,13.19580313
14.006683,-1.781595154,-0.268391876,14.59000992,14.70083348
14.016489,-0.760418701,-0.638721771,16.02687195,16.05760961
14.026298,0.093705139,-0.52885025,16.36007904,16.36889274
14.036105,0.607137451,-0.299976196,15.37258255,15.38749154
14.045914,0.377664642,-0.179177399,14.22970917,14.23584764
14.055717,-0.285755768,-0.271235962,13.68544098,13.69111099
14.065533,-0.641865234,-0.165705414,13.98706375,14.00276407
14.075341,-1.055904236,0.343535614,14.0527771,14.09657741
14.08513762,-0.589025116,0.463286591,12.74704239,12.76905144
14.09494563,0.246537323,0.446820831,12.23256226,12.24320256
14.10475262,0.608035583,0.828527069,13.0202243,13.06071994
14.11456063,0.395776978,1.602417755,13.97853149,14.07564296
14.12436963,-0.006586304,2.115251312,13.96041916,14.11976043
14.13417763,-0.353714447,2.076931,13.49039658,13.6539209
14.14398563,-0.733774109,2.009720764,12.81155823,12.98897325
14.15379463,-0.983604584,1.714384918,11.85295166,12.01661586
14.16360063,-0.905167694,1.263522491,11.14312775,11.251005
14.17340763,-0.579744415,0.87403244,10.4788092,10.53116701
14.18321362,-0.305215302,1.072220306,9.909992065,9.972499963
14.19302063,-0.018411713,1.99849411,9.821226654,10.02251519
14.20282862,0.345331879,2.734214172,9.952054596,10.32659537
14.21263863,0.098794556,2.871628418,9.378447418,9.808735194
14.22244462,-0.305065613,0.91145462,9.188791809,9.23892361
14.23224963,-0.122295685,-0.623902588,9.141639862,9.163721408
14.24205962,0.431702271,-0.620609436,8.438252563,8.472049885
14.25186763,0.492775269,-0.113913116,7.77752655,7.793954253
14.26167662,-0.048648834,-0.017812958,7.482490082,7.482669432
14.27148463,-0.42825943,-0.11346405,7.563771057,7.576734972
14.28129263,-0.63063858,-0.066461792,7.908953247,7.934334481
14.29110063,-0.572858734,0.182021484,8.093968506,8.116256842
14.30090863,-0.606838074,0.457299042,8.388555908,8.42290004
14.31071763,-1.372346191,-0.305514679,8.438851318,8.555167144
14.32052663,-0.619411926,-1.553619232,8.26311676,8.430688136
14.33033463,-0.251027985,-1.901944885,7.842192078,8.073437061
14.34014263,-1.498683472,-2.017953644,7.865543518,8.257418718
14.34994963,-2.813698883,-1.615290985,8.835526428,9.412363871
14.35975363,-3.277733917,-1.326541443,9.97031662,10.57877428
14.36956363,-3.329825592,-1.075064392,10.61128372,11.17330945
14.37937063,-3.381468201,-1.041234741,12.73970764,13.22190031
14.38917863,-3.438649292,-1.074615326,14.14109344,14.5927938
14.39898663,-2.90411087,-1.243464203,12.49840942,12.89148173
14.40879463,-2.490970001,-1.822310486,13.02845718,13.38904192
14.41860263,-2.933749237,-2.755769348,14.45933167,15.00911128
14.42841162,-3.656895447,-2.476300507,16.08689713,16.6821224
14.43822063,-4.616400146,-2.74499176,15.4143457,16.3232406
14.44802762,-4.150718536,-2.963237915,15.32453247,16.15086805
14.45783663,-3.673211517,-3.288361816,15.3546199,16.12669088
14.46764563,-3.232228546,-2.984344025,15.0335376,15.66399896
14.47745363,-2.918331299,-2.611469421,14.3792482,14.90299329
14.48726163,-2.794239349,-2.464475098,13.58904144,14.090545
14.49707163,-3.477418671,-1.889969788,12.41682907,13.03234709
14.50685862,-3.253484344,-2.471809845,11.87794968,12.56107849
14.51668463,-2.833607483,-2.245929565,10.54332504,11.14608604
14.52650163,-3.100801849,-1.977986755,9.748627625,10.41936391
14.53629763,-3.599714355,-2.536475372,8.96635437,9.989352404
14.54611863,-3.48924408,-3.509601746,8.211773529,9.587771021
14.55592763,-3.491190033,-3.24465271,7.925718384,9.248415592
14.56573763,-3.991300049,-3.043022003,7.522756348,9.043357897
14.57552863,-4.540058899,-3.41664505,7.390880585,9.322591594
14.58535563,-4.464166718,-3.849245453,7.500003662,9.539157718
14.59516463,-4.317771149,-3.764970703,6.964567108,9.017945835
14.60497263,-4.28603714,-3.142714691,6.337071991,8.270746726
14.61478062,-4.45802948,-1.707948303,5.525759125,7.302405642
14.62458663,-4.464615784,-0.546513519,4.6382547,6.46102761
14.63439562,-3.350482635,0.60608963,4.684508514,5.791174195
14.64420363,-2.577939148,1.327589264,6.167624359,6.815266227
14.65401162,-2.589914246,1.401385803,7.696544952,8.240651805
14.66382063,-2.501897278,1.039288788,7.736811218,8.197430024
14.67363063,-2.696193237,0.354163513,6.72566391,7.254615413
14.68343863,-2.38229599,-0.879570923,6.683302002,7.149510811
14.69324763,-1.887874146,-1.288969574,7.825876007,8.152904184
14.70305463,-1.506616974,-0.807121582,8.333919525,8.507382359
14.71285962,-1.192869415,-0.193397827,8.409512329,8.495895349
14.72267163,-0.724194031,0.134270782,8.741072845,8.772048799
14.73247963,-1.149309998,0.176333313,9.076525269,9.150700403
14.74228862,-0.921184387,0.273930359,8.98746048,9.038698158
14.75209763,-0.54292099,0.181273041,8.98865799,9.006863803
14.76190562,-0.673000488,-0.075443115,9.31393158,9.338519304
14.77171363,-0.590072937,-0.055833893,9.699529724,9.717622156
14.78152163,-0.440384216,-0.088765411,10.05893234,10.0689591
14.79133063,-0.425115967,0.027692413,10.08901978,10.09801022
14.80113963,-0.646804962,-0.207618256,10.08662476,10.10947382
14.81094863,-0.735720062,-0.373473358,10.27358597,10.30666459
14.82075763,-1.244661713,-0.507893829,9.98318985,10.07329234
14.83056562,-1.889969788,-0.429756317,9.860145721,10.04883824
14.84037563,-2.47121109,-0.369880829,9.619895325,9.939118781
14.85018363,-2.678080902,-0.388891296,9.355694733,9.739218536
14.85999263,-2.762505341,-0.305664368,9.291927338,9.698699919
14.86980063,-2.79768219,-0.15911911,9.092392273,9.514407064
14.87960963,-2.766846313,0.205372925,8.958570557,9.378358224
14.88941563,-2.658771057,0.365539856,8.927135925,9.321825934
14.89922862,-2.458188171,0.361947327,8.781788177,9.12652719
14.90903763,-2.255809021,0.357007599,8.521479492,8.822229962
14.91884663,-2.334545288,0.31240036,8.328530731,8.655178787
14.92865662,-2.512375488,0.571511536,8.248147888,8.64121517
14.93846563,-2.627037048,0.526754608,8.330027618,8.750323091
14.94827362,-2.631976776,0.373772736,8.327632599,8.741651589
14.95808363,-2.654579773,0.335003357,8.369844818,8.787111203
14.96789263,-2.655328217,0.324824524,8.367599487,8.784816452
14.97770262,-2.816842346,0.350870361,8.612639923,9.068366846
14.98751263,-3.070415039,0.515677643,8.987759857,9.511740072
14.99732263,-2.890339508,0.764460297,9.430688782,9.893247845
15.00713063,-2.7391539,0.712817688,10.10623398,10.49509592
15.01693763,-2.591860199,0.828976135,10.84330124,11.17954035
15.02674862,-2.472109222,0.753982086,11.59339142,11.87798542
15.03655863,-2.466121674,0.478405151,12.25426712,12.50910429
15.04636763,-2.68646347,0.383053436,12.74090515,13.02668338
15.05617663,-2.919528809,0.295485535,12.81530045,13.14697249
15.06598663,-3.438948669,0.302969971,12.91963348,13.37292369
15.07579662,-3.617527313,0.603095856,12.72683441,13.24471754
15.08560563,-3.617826691,0.640667725,12.33764374,12.87309513
15.09541463,-3.616479492,0.707279205,12.31698669,12.85641198
15.10522263,-3.447780304,0.623752899,12.43329483,12.91754919
15.11501763,-3.323239288,0.509241028,12.20711517,12.66163128
15.12483963,-3.292403412,0.514629822,12.11011688,12.56024263
15.13464763,-3.180136871,0.330213318,11.5776741,12.0110303
15.14445662,-3.066373444,0.268242188,10.96948883,11.39316836
15.15426663,-2.860102386,0.00583786,10.40531204,10.79123433
15.16407362,-2.408790894,0.120798798,9.735604706,10.02989855
15.17388263,-2.436034241,0.534388733,8.842412109,9.187387335
15.18369363,-2.071841583,0.571511536,8.282276917,8.556591839
15.19349963,-1.927841034,0.74769516,7.818241882,8.087059122
